line_id,line_name,station_name,naptan_id,avg_wait_seconds,min_wait_seconds,max_wait_seconds,total_arrivals,avg_wait_minutes,snapshot_time,snapshot_count,sum_wait_seconds
bakerloo,Bakerloo,Baker Street Underground Station,940GZZLUBST,241.8,1,889,168,4.03,2026-10-09 18:55:09,23,5561.0
bakerloo,Bakerloo,Charing Cross Underground Station,940GZZLUCHX,351.5,42,1369,159,5.86,2026-10-09 18:55:09,23,8085.0
bakerloo,Bakerloo,Elephant & Castle Underground Station,940GZZLUEAC,379.8,6,1680,272,6.33,2026-10-09 18:55:09,22,8355.0
bakerloo,Bakerloo,Embankment Underground Station,940GZZLUEMB,338.4,20,1428,159,5.64,2026-10-09 18:55:09,23,7783.0
bakerloo,Bakerloo,Edgware Road (Bakerloo) Underground Station,940GZZLUERB,232.7,18,709,167,3.88,2026-10-09 18:55:09,23,5352.0
bakerloo,Bakerloo,Harrow & Wealdstone Underground Station,940GZZLUHAW,270.1,6,1177,41,4.5,2026-10-09 18:55:09,16,4322.0
bakerloo,Bakerloo,Harlesden Underground Station,940GZZLUHSN,219.0,6,840,102,3.65,2026-10-09 18:55:09,22,4818.0
bakerloo,Bakerloo,Kenton Underground Station,940GZZLUKEN,249.6,6,1613,50,4.16,2026-10-09 18:55:09,17,4243.0
bakerloo,Bakerloo,Kilburn Park Underground Station,940GZZLUKPK,101.3,2,288,194,1.69,2026-10-09 18:55:09,23,2330.0
bakerloo,Bakerloo,Kensal Green Underground Station,940GZZLUKSL,227.5,11,1670,119,3.79,2026-10-09 18:55:09,23,5232.0
bakerloo,Bakerloo,Lambeth North Underground Station,940GZZLULBN,477.8,6,1608,146,7.96,2026-10-09 18:55:09,23,10989.0
bakerloo,Bakerloo,Maida Vale Underground Station,940GZZLUMVL,141.4,12,408,191,2.36,2026-10-09 18:55:09,23,3253.0
bakerloo,Bakerloo,Marylebone Underground Station,940GZZLUMYB,222.5,6,828,169,3.71,2026-10-09 18:55:09,23,5117.0
bakerloo,Bakerloo,North Wembley Underground Station,940GZZLUNWY,456.9,95,1373,52,7.61,2026-10-09 18:55:09,17,7767.0
bakerloo,Bakerloo,Oxford Circus Underground Station,940GZZLUOXC,260.4,2,1128,167,4.34,2026-10-09 18:55:09,23,5989.0
bakerloo,Bakerloo,Paddington Underground Station,940GZZLUPAC,201.8,30,588,136,3.36,2026-10-09 18:55:09,18,3632.0
bakerloo,Bakerloo,Paddington (H&C Line)-Underground,940GZZLUPAH,141.2,12,373,39,2.35,2026-10-09 18:55:09,5,706.0
bakerloo,Bakerloo,Piccadilly Circus Underground Station,940GZZLUPCC,303.4,5,1248,164,5.06,2026-10-09 18:55:09,23,6979.0
bakerloo,Bakerloo,Queen's Park Underground Station,940GZZLUQPS,65.7,2,224,195,1.1,2026-10-09 18:55:09,23,1511.0
bakerloo,Bakerloo,Regent's Park Underground Station,940GZZLURGP,260.3,5,1009,169,4.34,2026-10-09 18:55:09,23,5986.0
bakerloo,Bakerloo,Stonebridge Park Underground Station,940GZZLUSGP,239.4,13,540,99,3.99,2026-10-09 18:55:09,23,5507.0
bakerloo,Bakerloo,South Kenton Underground Station,940GZZLUSKT,446.4,138,1554,52,7.44,2026-10-09 18:55:09,17,7588.0
bakerloo,Bakerloo,Willesden Junction Underground Station,940GZZLUWJN,189.5,1,660,107,3.16,2026-10-09 18:55:09,22,4168.0
bakerloo,Bakerloo,Warwick Avenue Underground Station,940GZZLUWKA,134.9,7,529,192,2.25,2026-10-09 18:55:09,23,3103.0
bakerloo,Bakerloo,Waterloo Underground Station,940GZZLUWLO,370.0,6,1549,156,6.17,2026-10-09 18:55:09,23,8509.0
bakerloo,Bakerloo,Wembley Central Underground Station,940GZZLUWYC,451.6,176,1253,53,7.53,2026-10-09 18:55:09,17,7677.0
central,Central,Barkingside Underground Station,940GZZLUBKE,207.5,9,741,90,3.46,2026-10-09 18:55:09,19,3943.0
central,Central,Buckhurst Hill Underground Station,940GZZLUBKH,143.6,5,343,131,2.39,2026-10-09 18:55:09,19,2729.0
central,Central,Bethnal Green Underground Station,940GZZLUBLG,68.1,3,194,327,1.14,2026-10-09 18:55:09,19,1293.0
central,Central,Bond Street Underground Station,940GZZLUBND,53.2,3,209,289,0.89,2026-10-09 18:55:09,18,957.0
central,Central,Bank Underground Station,940GZZLUBNK,76.4,13,316,332,1.27,2026-10-09 18:55:09,18,1376.0
central,Central,Chancery Lane Underground Station,940GZZLUCHL,88.3,12,283,317,1.47,2026-10-09 18:55:09,18,1590.0
central,Central,Chigwell Underground Station,940GZZLUCWL,839.7,129,1395,11,14.0,2026-10-09 18:55:09,9,7557.0
central,Central,Debden Underground Station,940GZZLUDBN,174.5,9,522,92,2.91,2026-10-09 18:55:09,19,3315.0
central,Central,East Acton Underground Station,940GZZLUEAN,96.6,10,265,215,1.61,2026-10-09 18:55:09,19,1836.0
central,Central,Ealing Broadway Underground Station,940GZZLUEBY,383.7,10,1237,104,6.4,2026-10-09 18:55:09,19,7290.0
central,Central,Epping Underground Station,940GZZLUEPG,236.7,1,781,152,3.94,2026-10-09 18:55:09,20,4734.0
central,Central,Fairlop Underground Station,940GZZLUFLP,177.6,1,495,84,2.96,2026-10-09 18:55:09,19,3374.0
central,Central,Greenford Underground Station,940GZZLUGFD,248.4,25,822,93,4.14,2026-10-09 18:55:09,19,4719.0
central,Central,Grange Hill Underground Station,940GZZLUGGH,611.3,21,1542,14,10.19,2026-10-09 18:55:09,9,5502.0
central,Central,Gants Hill Underground Station,940GZZLUGTH,164.9,1,1216,114,2.75,2026-10-09 18:55:09,19,3134.0
central,Central,Holborn Underground Station,940GZZLUHBN,52.3,1,145,320,0.87,2026-10-09 18:55:09,18,941.0
central,Central,Hanger Lane Underground Station,940GZZLUHGR,233.0,1,523,103,3.88,2026-10-09 18:55:09,19,4427.0
central,Central,Hainault Underground Station,940GZZLUHLT,224.5,1,662,243,3.74,2026-10-09 18:55:09,19,4265.0
central,Central,Holland Park Underground Station,940GZZLUHPK,116.4,2,316,265,1.94,2026-10-09 18:55:09,18,2095.0
central,Central,Loughton Underground Station,940GZZLULGN,132.8,2,315,129,2.21,2026-10-09 18:55:09,19,2524.0
central,Central,Lancaster Gate Underground Station,940GZZLULGT,45.5,1,140,287,0.76,2026-10-09 18:55:09,18,819.0
central,Central,Liverpool Street Underground Station,940GZZLULVT,51.9,2,133,326,0.86,2026-10-09 18:55:09,18,935.0
central,Central,Leyton Underground Station,940GZZLULYN,59.2,3,148,296,0.99,2026-10-09 18:55:09,19,1124.0
central,Central,Leytonstone Underground Station,940GZZLULYS,69.7,1,260,293,1.16,2026-10-09 18:55:09,19,1324.0
central,Central,Marble Arch Underground Station,940GZZLUMBA,43.9,2,130,300,0.73,2026-10-09 18:55:09,18,791.0
central,Central,Mile End Underground Station,940GZZLUMED,126.1,4,316,318,2.1,2026-10-09 18:55:09,19,2395.0
central,Central,North Acton Underground Station,940GZZLUNAN,92.8,3,340,219,1.55,2026-10-09 18:55:09,19,1764.0
central,Central,Newbury Park Underground Station,940GZZLUNBP,85.6,1,463,111,1.43,2026-10-09 18:55:09,19,1627.0
central,Central,Notting Hill Gate Underground Station,940GZZLUNHG,53.4,3,256,276,0.89,2026-10-09 18:55:09,18,961.0
central,Central,Northolt Underground Station,940GZZLUNHT,179.3,29,536,90,2.99,2026-10-09 18:55:09,19,3407.0
central,Central,Oxford Circus Underground Station,940GZZLUOXC,102.4,4,976,303,1.71,2026-10-09 18:55:09,18,1844.0
central,Central,Perivale Underground Station,940GZZLUPVL,216.4,4,643,101,3.61,2026-10-09 18:55:09,19,4112.0
central,Central,Queensway Underground Station,940GZZLUQWY,67.1,5,167,283,1.12,2026-10-09 18:55:09,18,1207.0
central,Central,Redbridge Underground Station,940GZZLURBG,214.0,5,1097,110,3.57,2026-10-09 18:55:09,19,4066.0
central,Central,Ruislip Gardens Underground Station,940GZZLURSG,196.8,5,819,78,3.28,2026-10-09 18:55:09,20,3935.0
central,Central,Roding Valley Underground Station,940GZZLURVY,557.7,26,1035,15,9.3,2026-10-09 18:55:09,12,6692.0
central,Central,Shepherd's Bush (Central) Underground Station,940GZZLUSBC,66.9,4,339,259,1.12,2026-10-09 18:55:09,18,1204.0
central,Central,Snaresbrook Underground Station,940GZZLUSNB,164.5,9,411,156,2.74,2026-10-09 18:55:09,19,3126.0
central,Central,St. Paul's Underground Station,940GZZLUSPU,65.8,1,256,317,1.1,2026-10-09 18:55:09,18,1185.0
central,Central,South Ruislip Underground Station,940GZZLUSRP,186.2,5,715,80,3.1,2026-10-09 18:55:09,19,3537.0
central,Central,Stratford Underground Station,940GZZLUSTD,68.1,5,357,309,1.14,2026-10-09 18:55:09,19,1294.0
central,Central,South Woodford Underground Station,940GZZLUSWF,165.2,1,522,150,2.75,2026-10-09 18:55:09,19,3138.0
central,Central,Tottenham Court Road Underground Station,940GZZLUTCR,127.8,5,1096,308,2.13,2026-10-09 18:55:09,18,2300.0
central,Central,Theydon Bois Underground Station,940GZZLUTHB,202.3,4,1077,84,3.37,2026-10-09 18:55:09,20,4046.0
central,Central,White City Underground Station,940GZZLUWCY,46.6,1,234,280,0.78,2026-10-09 18:55:09,19,885.0
central,Central,Woodford Underground Station,940GZZLUWOF,110.3,6,385,156,1.84,2026-10-09 18:55:09,19,2095.0
central,Central,West Ruislip Underground Station,940GZZLUWRP,254.5,6,1059,139,4.24,2026-10-09 18:55:09,19,4836.0
central,Central,Wanstead Underground Station,940GZZLUWSD,159.1,1,976,117,2.65,2026-10-09 18:55:09,19,3023.0
central,Central,West Acton Underground Station,940GZZLUWTA,347.9,3,1057,57,5.8,2026-10-09 18:55:09,19,6610.0
circle,Circle,Aldgate Underground Station,940GZZLUALD,288.6,2,1212,96,4.81,2026-10-09 18:55:09,19,5483.0
circle,Circle,Barbican Underground Station,940GZZLUBBN,279.6,24,740,79,4.66,2026-10-09 18:55:09,19,5313.0
circle,Circle,Blackfriars Underground Station,940GZZLUBKF,336.7,31,1633,94,5.61,2026-10-09 18:55:09,19,6398.0
circle,Circle,Baker Street Underground Station,940GZZLUBST,325.5,6,1452,75,5.42,2026-10-09 18:55:09,18,5859.0
circle,Circle,Bayswater Underground Station,940GZZLUBWT,665.6,220,1224,36,11.09,2026-10-09 18:55:09,18,11981.0
circle,Circle,Cannon Street Underground Station,940GZZLUCST,308.1,41,1512,93,5.14,2026-10-09 18:55:09,19,5853.0
circle,Circle,Embankment Underground Station,940GZZLUEMB,234.6,49,755,82,3.91,2026-10-09 18:55:09,17,3988.0
circle,Circle,Edgware Road (Circle Line) Underground Station,940GZZLUERC,367.1,9,1331,69,6.12,2026-10-09 18:55:09,18,6608.0
circle,Circle,Euston Square Underground Station,940GZZLUESQ,372.9,13,1752,73,6.22,2026-10-09 18:55:09,19,7085.0
circle,Circle,Farringdon Underground Station,940GZZLUFCN,377.6,1,1101,74,6.29,2026-10-09 18:55:09,19,7175.0
circle,Circle,Goldhawk Road Underground Station,940GZZLUGHK,302.7,48,613,19,5.04,2026-10-09 18:55:09,15,4540.0
circle,Circle,Great Portland Street Underground Station,940GZZLUGPS,336.5,78,1632,73,5.61,2026-10-09 18:55:09,19,6394.0
circle,Circle,Gloucester Road Underground Station,940GZZLUGTR,183.1,6,588,67,3.05,2026-10-09 18:55:09,17,3112.0
circle,Circle,High Street Kensington Underground Station,940GZZLUHSK,168.8,8,864,74,2.81,2026-10-09 18:55:09,18,3038.0
circle,Circle,King's Cross St. Pancras Underground Station,940GZZLUKSX,315.7,7,920,74,5.26,2026-10-09 18:55:09,19,5998.0
circle,Circle,Ladbroke Grove Underground Station,940GZZLULAD,294.7,45,564,29,4.91,2026-10-09 18:55:09,17,5010.0
circle,Circle,Latimer Road Underground Station,940GZZLULRD,271.6,31,524,31,4.53,2026-10-09 18:55:09,17,4617.0
circle,Circle,Liverpool Street Underground Station,940GZZLULVT,357.1,44,973,52,5.95,2026-10-09 18:55:09,19,6785.0
circle,Circle,Moorgate Underground Station,940GZZLUMGT,347.5,70,861,56,5.79,2026-10-09 18:55:09,19,6603.0
circle,Circle,Monument Underground Station,940GZZLUMMT,328.9,5,1452,97,5.48,2026-10-09 18:55:09,19,6249.0
circle,Circle,Mansion House Underground Station,940GZZLUMSH,281.1,1,1572,96,4.69,2026-10-09 18:55:09,19,5341.0
circle,Circle,Notting Hill Gate Underground Station,940GZZLUNHG,564.1,130,1105,42,9.4,2026-10-09 18:55:09,18,10153.0
circle,Circle,Paddington Underground Station,940GZZLUPAC,203.1,5,477,31,3.38,2026-10-09 18:55:09,16,3250.0
circle,Circle,Paddington (H&C Line)-Underground,940GZZLUPAH,330.1,13,825,38,5.5,2026-10-09 18:55:09,17,5612.0
circle,Circle,Royal Oak Underground Station,940GZZLURYO,1302.0,1302,1302,1,21.7,2026-10-09 18:55:09,1,1302.0
circle,Circle,Shepherd's Bush Market Underground Station,940GZZLUSBM,268.2,12,578,23,4.47,2026-10-09 18:55:09,17,4560.0
circle,Circle,St. James's Park Underground Station,940GZZLUSJP,197.4,1,589,77,3.29,2026-10-09 18:55:09,17,3356.0
circle,Circle,South Kensington Underground Station,940GZZLUSKS,196.4,15,648,68,3.27,2026-10-09 18:55:09,17,3339.0
circle,Circle,Sloane Square Underground Station,940GZZLUSSQ,282.5,63,769,68,4.71,2026-10-09 18:55:09,17,4803.0
circle,Circle,Temple Underground Station,940GZZLUTMP,336.6,5,1753,90,5.61,2026-10-09 18:55:09,19,6395.0
circle,Circle,Tower Hill Underground Station,940GZZLUTWH,234.0,44,1160,98,3.9,2026-10-09 18:55:09,19,4446.0
circle,Circle,Victoria Underground Station,940GZZLUVIC,251.6,1,708,73,4.19,2026-10-09 18:55:09,17,4278.0
circle,Circle,Wood Lane Underground Station,940GZZLUWLA,268.0,23,572,28,4.47,2026-10-09 18:55:09,17,4556.0
circle,Circle,Westminster Underground Station,940GZZLUWSM,182.9,5,491,78,3.05,2026-10-09 18:55:09,17,3110.0
circle,Circle,Westbourne Park Underground Station,940GZZLUWSP,248.3,5,524,35,4.14,2026-10-09 18:55:09,17,4221.0
district,District,Acton Town Underground Station,940GZZLUACT,152.6,6,378,40,2.54,2026-10-09 18:55:09,18,2747.0
district,District,Aldgate East Underground Station,940GZZLUADE,124.3,1,671,183,2.07,2026-10-09 18:55:09,19,2361.0
district,District,Bromley-by-Bow Underground Station,940GZZLUBBB,109.7,2,288,196,1.83,2026-10-09 18:55:09,19,2085.0
district,District,Becontree Underground Station,940GZZLUBEC,177.2,4,421,131,2.95,2026-10-09 18:55:09,20,3543.0
district,District,Blackfriars Underground Station,940GZZLUBKF,89.8,1,347,189,1.5,2026-10-09 18:55:09,18,1617.0
district,District,Barking Underground Station,940GZZLUBKG,67.3,1,181,251,1.12,2026-10-09 18:55:09,20,1346.0
district,District,Barons Court Underground Station,940GZZLUBSC,152.7,6,588,87,2.54,2026-10-09 18:55:09,19,2902.0
district,District,Bow Road Underground Station,940GZZLUBWR,125.4,5,344,196,2.09,2026-10-09 18:55:09,19,2383.0
district,District,Cannon Street Underground Station,940GZZLUCST,103.4,16,408,190,1.72,2026-10-09 18:55:09,18,1862.0
district,District,Chiswick Park Underground Station,940GZZLUCWP,225.1,5,467,33,3.75,2026-10-09 18:55:09,17,3827.0
district,District,Dagenham East Underground Station,940GZZLUDGE,181.6,3,490,137,3.03,2026-10-09 18:55:09,20,3631.0
district,District,Dagenham Heathway Underground Station,940GZZLUDGY,129.2,8,343,137,2.15,2026-10-09 18:55:09,20,2585.0
district,District,Ealing Broadway Underground Station,940GZZLUEBY,232.6,1,532,126,3.88,2026-10-09 18:55:09,21,4884.0
district,District,Ealing Common Underground Station,940GZZLUECM,207.4,8,559,41,3.46,2026-10-09 18:55:09,17,3526.0
district,District,Earl's Court Underground Station,940GZZLUECT,174.2,3,585,78,2.9,2026-10-09 18:55:09,18,3136.0
district,District,East Ham Underground Station,940GZZLUEHM,97.4,1,310,196,1.62,2026-10-09 18:55:09,19,1850.0
district,District,Embankment Underground Station,940GZZLUEMB,88.5,2,198,182,1.48,2026-10-09 18:55:09,18,1593.0
district,District,Elm Park Underground Station,940GZZLUEPK,129.0,6,453,125,2.15,2026-10-09 18:55:09,20,2581.0
district,District,East Putney Underground Station,940GZZLUEPY,143.5,16,829,100,2.39,2026-10-09 18:55:09,19,2726.0
district,District,Edgware Road (Circle Line) Underground Station,940GZZLUERC,297.9,1,993,41,4.96,2026-10-09 18:55:09,19,5661.0
district,District,Fulham Broadway Underground Station,940GZZLUFBY,114.3,3,648,114,1.9,2026-10-09 18:55:09,21,2401.0
district,District,Gunnersbury Underground Station,940GZZLUGBY,96.9,9,160,24,1.62,2026-10-09 18:55:09,14,1357.0
district,District,Gloucester Road Underground Station,940GZZLUGTR,98.8,2,286,145,1.65,2026-10-09 18:55:09,18,1778.0
district,District,Hornchurch Underground Station,940GZZLUHCH,97.8,2,256,122,1.63,2026-10-09 18:55:09,20,1955.0
district,District,Hammersmith (Dist&Picc Line) Underground Station,940GZZLUHSD,111.5,1,370,91,1.86,2026-10-09 18:55:09,19,2119.0
district,District,High Street Kensington Underground Station,940GZZLUHSK,172.9,5,459,82,2.88,2026-10-09 18:55:09,18,3113.0
district,District,Kensington (Olympia) Underground Station,940GZZLUKOY,20.5,4,60,4,0.34,2026-10-09 18:55:09,4,82.0
district,District,Kew Gardens Underground Station,940GZZLUKWG,93.6,10,218,22,1.56,2026-10-09 18:55:09,12,1123.0
district,District,Mile End Underground Station,940GZZLUMED,129.1,3,346,193,2.15,2026-10-09 18:55:09,19,2453.0
district,District,Monument Underground Station,940GZZLUMMT,90.8,3,431,203,1.51,2026-10-09 18:55:09,18,1635.0
district,District,Mansion House Underground Station,940GZZLUMSH,90.8,3,468,192,1.51,2026-10-09 18:55:09,18,1634.0
district,District,Paddington Underground Station,940GZZLUPAC,386.5,22,1740,60,6.44,2026-10-09 18:55:09,19,7344.0
district,District,Plaistow Underground Station,940GZZLUPLW,109.0,2,529,192,1.82,2026-10-09 18:55:09,19,2071.0
district,District,Parsons Green Underground Station,940GZZLUPSG,252.2,3,1260,94,4.2,2026-10-09 18:55:09,19,4791.0
district,District,Putney Bridge Underground Station,940GZZLUPYB,173.6,2,949,89,2.89,2026-10-09 18:55:09,19,3299.0
district,District,Richmond Underground Station,940GZZLURMD,67.8,2,279,110,1.13,2026-10-09 18:55:09,13,881.0
district,District,Ravenscourt Park Underground Station,940GZZLURVP,106.9,22,245,89,1.78,2026-10-09 18:55:09,19,2032.0
district,District,Stamford Brook Underground Station,940GZZLUSFB,94.1,1,256,91,1.57,2026-10-09 18:55:09,19,1787.0
district,District,Southfields Underground Station,940GZZLUSFS,118.1,3,709,108,1.97,2026-10-09 18:55:09,19,2244.0
district,District,Stepney Green Underground Station,940GZZLUSGN,116.9,2,413,185,1.95,2026-10-09 18:55:09,19,2222.0
district,District,St. James's Park Underground Station,940GZZLUSJP,86.4,1,343,159,1.44,2026-10-09 18:55:09,18,1555.0
district,District,South Kensington Underground Station,940GZZLUSKS,96.9,5,280,142,1.62,2026-10-09 18:55:09,18,1745.0
district,District,Sloane Square Underground Station,940GZZLUSSQ,95.7,5,584,149,1.6,2026-10-09 18:55:09,18,1722.0
district,District,Temple Underground Station,940GZZLUTMP,81.4,3,318,182,1.36,2026-10-09 18:55:09,18,1466.0
district,District,Turnham Green Underground Station,940GZZLUTNG,87.6,4,233,64,1.46,2026-10-09 18:55:09,19,1664.0
district,District,Tower Hill Underground Station,940GZZLUTWH,94.6,1,551,203,1.58,2026-10-09 18:55:09,19,1798.0
district,District,Upminster Bridge Underground Station,940GZZLUUPB,277.6,35,1786,122,4.63,2026-10-09 18:55:09,20,5553.0
district,District,Upton Park Underground Station,940GZZLUUPK,129.2,2,649,187,2.15,2026-10-09 18:55:09,19,2454.0
district,District,Upminster Underground Station,940GZZLUUPM,164.3,1,1186,234,2.74,2026-10-09 18:55:09,20,3286.0
district,District,Upney Underground Station,940GZZLUUPY,111.2,2,393,145,1.85,2026-10-09 18:55:09,20,2225.0
district,District,Victoria Underground Station,940GZZLUVIC,75.3,1,463,160,1.25,2026-10-09 18:55:09,18,1355.0
district,District,West Brompton Underground Station,940GZZLUWBN,193.8,14,1441,102,3.23,2026-10-09 18:55:09,19,3683.0
district,District,West Ham Underground Station,940GZZLUWHM,158.7,9,468,185,2.64,2026-10-09 18:55:09,19,3016.0
district,District,Wimbledon Underground Station,940GZZLUWIM,48.8,2,155,400,0.81,2026-10-09 18:55:09,20,976.0
district,District,Wimbledon Park Underground Station,940GZZLUWIP,133.7,4,588,113,2.23,2026-10-09 18:55:09,20,2674.0
district,District,West Kensington Underground Station,940GZZLUWKN,135.3,4,588,88,2.26,2026-10-09 18:55:09,19,2570.0
district,District,Whitechapel Underground Station,940GZZLUWPL,125.1,2,528,195,2.08,2026-10-09 18:55:09,19,2376.0
district,District,Westminster Underground Station,940GZZLUWSM,104.1,1,281,168,1.74,2026-10-09 18:55:09,18,1873.0
elizabeth,Elizabeth line,Abbey Wood (London) Rail Station,910GABWD,144.9,1,454,428,2.42,2026-10-09 18:55:09,18,2609.0
elizabeth,Elizabeth line,Abbey Wood,910GABWDXR,140.8,1,454,362,2.35,2026-10-09 18:55:09,17,2394.0
elizabeth,Elizabeth line,Acton Main Line Rail Station,910GACTONML,483.5,9,5126,261,8.06,2026-10-09 18:55:09,17,8220.0
elizabeth,Elizabeth line,Burnham (Berks) Rail Station,910GBNHAM,689.9,1,5846,255,11.5,2026-10-09 18:55:09,17,11728.0
elizabeth,Elizabeth line,Bond Street,910GBONDST,71.9,9,318,1131,1.2,2026-10-09 18:55:09,17,1223.0
elizabeth,Elizabeth line,Brentwood Rail Station,910GBRTWOOD,656.3,11,6934,569,10.94,2026-10-09 18:55:09,22,14439.0
elizabeth,Elizabeth line,Canary Wharf,910GCANWHRF,156.2,10,498,564,2.6,2026-10-09 18:55:09,17,2656.0
elizabeth,Elizabeth line,Chadwell Heath Rail Station,910GCHDWLHT,440.3,10,4646,588,7.34,2026-10-09 18:55:09,20,8806.0
elizabeth,Elizabeth line,Custom House Rail Station,910GCUSTMHS,520.6,24,7046,563,8.68,2026-10-09 18:55:09,18,9371.0
elizabeth,Elizabeth line,Ealing Broadway Rail Station,910GEALINGB,634.3,10,6694,634,10.57,2026-10-09 18:55:09,19,12051.0
elizabeth,Elizabeth line,Farringdon Rail Station,910GFRNDNLT,97.1,16,195,1088,1.62,2026-10-09 18:55:09,17,1651.0
elizabeth,Elizabeth line,Farringdon,910GFRNDXR,88.5,1,195,1088,1.48,2026-10-09 18:55:09,17,1504.0
elizabeth,Elizabeth line,Forest Gate Rail Station,910GFRSTGT,485.4,18,5486,590,8.09,2026-10-09 18:55:09,20,9708.0
elizabeth,Elizabeth line,Gidea Park Rail Station,910GGIDEAPK,169.8,6,913,581,2.83,2026-10-09 18:55:09,21,3565.0
elizabeth,Elizabeth line,Goodmayes Rail Station,910GGODMAYS,403.5,2,4766,589,6.72,2026-10-09 18:55:09,20,8070.0
elizabeth,Elizabeth line,Hanwell Rail Station,910GHANWELL,649.6,44,5606,256,10.83,2026-10-09 18:55:09,17,11043.0
elizabeth,Elizabeth line,Hayes & Harlington Rail Station,910GHAYESAH,372.2,4,4166,609,6.2,2026-10-09 18:55:09,18,6700.0
elizabeth,Elizabeth line,Harold Wood Rail Station,910GHRLDWOD,634.8,10,7174,570,10.58,2026-10-09 18:55:09,22,13965.0
elizabeth,Elizabeth line,Heathrow Terminals 2 & 3 Rail Station,910GHTRWAPT,564.6,9,4586,367,9.41,2026-10-09 18:55:09,18,10162.0
elizabeth,Elizabeth line,Heathrow Terminal 4 Rail Station,910GHTRWTM4,305.4,1,874,146,5.09,2026-10-09 18:55:09,18,5498.0
elizabeth,Elizabeth line,Heathrow Terminal 5 Rail Station,910GHTRWTM5,626.5,3,1660,77,10.44,2026-10-09 18:55:09,18,11277.0
elizabeth,Elizabeth line,Ilford Rail Station,910GILFORD,442.6,49,5126,588,7.38,2026-10-09 18:55:09,20,8852.0
elizabeth,Elizabeth line,Iver Rail Station,910GIVER,793.9,9,6446,173,13.23,2026-10-09 18:55:09,18,14290.0
elizabeth,Elizabeth line,Langley (Berks) Rail Station,910GLANGLEY,583.6,9,6266,246,9.73,2026-10-09 18:55:09,18,10504.0
elizabeth,Elizabeth line,London Liverpool Street Rail Station,910GLIVST,42.2,1,227,943,0.7,2026-10-09 18:55:09,20,843.0
elizabeth,Elizabeth line,Liverpool Street,910GLIVSTLL,56.0,5,227,937,0.93,2026-10-09 18:55:09,20,1120.0
elizabeth,Elizabeth line,Manor Park Rail Station,910GMANRPK,411.4,11,5246,592,6.86,2026-10-09 18:55:09,20,8228.0
elizabeth,Elizabeth line,Maidenhead Rail Station,910GMDNHEAD,297.0,1,879,219,4.95,2026-10-09 18:55:09,18,5346.0
elizabeth,Elizabeth line,Maryland Rail Station,910GMRYLAND,501.5,14,5606,590,8.36,2026-10-09 18:55:09,20,10030.0
elizabeth,Elizabeth line,Paddington,910GPADTLL,67.3,1,214,878,1.12,2026-10-09 18:55:09,19,1279.0
elizabeth,Elizabeth line,London Paddington Rail Station,910GPADTON,71.4,1,214,960,1.19,2026-10-09 18:55:09,19,1357.0
elizabeth,Elizabeth line,Reading Rail Station,910GRDNGSTN,785.9,15,1940,78,13.1,2026-10-09 18:55:09,15,11788.0
elizabeth,Elizabeth line,Romford Rail Station,910GROMFORD,399.5,4,4466,588,6.66,2026-10-09 18:55:09,21,8390.0
elizabeth,Elizabeth line,Shenfield Rail Station,910GSHENFLD,206.3,1,1033,352,3.44,2026-10-09 18:55:09,21,4332.0
elizabeth,Elizabeth line,Slough Rail Station,910GSLOUGH,671.2,83,6086,260,11.19,2026-10-09 18:55:09,18,12081.0
elizabeth,Elizabeth line,Stratford (London) Rail Station,910GSTFD,181.7,7,842,589,3.03,2026-10-09 18:55:09,20,3634.0
elizabeth,Elizabeth line,Southall Rail Station,910GSTHALL,724.2,10,6994,510,12.07,2026-10-09 18:55:09,19,13759.0
elizabeth,Elizabeth line,Seven Kings Rail Station,910GSVNKNGS,364.0,4,4886,600,6.07,2026-10-09 18:55:09,20,7279.0
elizabeth,Elizabeth line,Taplow Rail Station,910GTAPLOW,834.1,15,5666,164,13.9,2026-10-09 18:55:09,17,14180.0
elizabeth,Elizabeth line,Tottenham Court Road,910GTOTCTRD,68.4,11,169,1131,1.14,2026-10-09 18:55:09,17,1163.0
elizabeth,Elizabeth line,Twyford Rail Station,910GTWYFORD,697.9,36,1537,161,11.63,2026-10-09 18:55:09,16,11166.0
elizabeth,Elizabeth line,Whitechapel Rail Station,910GWCHAPEL,443.2,4,6926,1107,7.39,2026-10-09 18:55:09,19,8421.0
elizabeth,Elizabeth line,Whitechapel,910GWCHAPXR,443.2,4,6926,1109,7.39,2026-10-09 18:55:09,19,8421.0
elizabeth,Elizabeth line,West Drayton Rail Station,910GWDRYTON,631.1,59,6566,261,10.52,2026-10-09 18:55:09,18,11359.0
elizabeth,Elizabeth line,West Ealing Rail Station,910GWEALING,636.9,7,5486,360,10.62,2026-10-09 18:55:09,17,10827.0
elizabeth,Elizabeth line,Woolwich,910GWOLWXR,502.2,31,6806,563,8.37,2026-10-09 18:55:09,18,9039.0
jubilee,Jubilee,Bermondsey Underground Station,940GZZLUBMY,114.5,8,316,246,1.91,2026-10-09 18:55:09,19,2175.0
jubilee,Jubilee,Bond Street Underground Station,940GZZLUBND,69.6,1,209,284,1.16,2026-10-09 18:55:09,18,1252.0
jubilee,Jubilee,Baker Street Underground Station,940GZZLUBST,91.4,8,199,296,1.52,2026-10-09 18:55:09,18,1646.0
jubilee,Jubilee,Canning Town Underground Station,940GZZLUCGT,82.9,1,207,200,1.38,2026-10-09 18:55:09,19,1576.0
jubilee,Jubilee,Canons Park Underground Station,940GZZLUCPK,122.2,1,338,146,2.04,2026-10-09 18:55:09,19,2322.0
jubilee,Jubilee,Canada Water Underground Station,940GZZLUCWR,122.3,9,287,243,2.04,2026-10-09 18:55:09,19,2324.0
jubilee,Jubilee,Canary Wharf Underground Station,940GZZLUCYF,110.2,7,437,230,1.84,2026-10-09 18:55:09,19,2093.0
jubilee,Jubilee,Dollis Hill Underground Station,940GZZLUDOH,81.6,17,194,221,1.36,2026-10-09 18:55:09,19,1551.0
jubilee,Jubilee,Finchley Road Underground Station,940GZZLUFYR,83.2,1,227,275,1.39,2026-10-09 18:55:09,18,1497.0
jubilee,Jubilee,Green Park Underground Station,940GZZLUGPK,58.9,1,116,276,0.98,2026-10-09 18:55:09,19,1119.0
jubilee,Jubilee,Kilburn Underground Station,940GZZLUKBN,87.5,1,354,246,1.46,2026-10-09 18:55:09,19,1662.0
jubilee,Jubilee,Kingsbury Underground Station,940GZZLUKBY,144.6,2,376,163,2.41,2026-10-09 18:55:09,19,2747.0
jubilee,Jubilee,London Bridge Underground Station,940GZZLULNB,75.2,8,166,258,1.25,2026-10-09 18:55:09,19,1428.0
jubilee,Jubilee,Neasden Underground Station,940GZZLUNDN,57.9,1,225,219,0.96,2026-10-09 18:55:09,19,1101.0
jubilee,Jubilee,North Greenwich Underground Station,940GZZLUNGW,130.9,2,556,216,2.18,2026-10-09 18:55:09,19,2488.0
jubilee,Jubilee,Queensbury Underground Station,940GZZLUQBY,88.3,4,228,152,1.47,2026-10-09 18:55:09,19,1678.0
jubilee,Jubilee,St. John's Wood Underground Station,940GZZLUSJW,51.6,3,239,291,0.86,2026-10-09 18:55:09,18,929.0
jubilee,Jubilee,Stratford Underground Station,940GZZLUSTD,128.7,1,413,508,2.14,2026-10-09 18:55:09,19,2445.0
jubilee,Jubilee,Stanmore Underground Station,940GZZLUSTM,134.7,3,317,411,2.24,2026-10-09 18:55:09,19,2559.0
jubilee,Jubilee,Swiss Cottage Underground Station,940GZZLUSWC,91.7,4,202,275,1.53,2026-10-09 18:55:09,18,1651.0
jubilee,Jubilee,Southwark Underground Station,940GZZLUSWK,106.0,2,406,257,1.77,2026-10-09 18:55:09,19,2014.0
jubilee,Jubilee,West Ham Underground Station,940GZZLUWHM,66.1,1,195,188,1.1,2026-10-09 18:55:09,19,1255.0
jubilee,Jubilee,West Hampstead Underground Station,940GZZLUWHP,61.3,1,227,265,1.02,2026-10-09 18:55:09,18,1103.0
jubilee,Jubilee,Willesden Green Underground Station,940GZZLUWIG,61.9,1,197,245,1.03,2026-10-09 18:55:09,19,1177.0
jubilee,Jubilee,Waterloo Underground Station,940GZZLUWLO,92.5,1,345,261,1.54,2026-10-09 18:55:09,19,1757.0
jubilee,Jubilee,Westminster Underground Station,940GZZLUWSM,49.9,1,225,274,0.83,2026-10-09 18:55:09,19,949.0
jubilee,Jubilee,Wembley Park Underground Station,940GZZLUWYP,70.2,1,196,211,1.17,2026-10-09 18:55:09,19,1334.0
metropolitan,Metropolitan,Aldgate Underground Station,940GZZLUALD,59.6,1,153,197,0.99,2026-10-09 18:55:09,18,1073.0
metropolitan,Metropolitan,Amersham Underground Station,940GZZLUAMS,178.1,1,1038,99,2.97,2026-10-09 18:55:09,19,3384.0
metropolitan,Metropolitan,Barbican Underground Station,940GZZLUBBN,111.5,1,319,149,1.86,2026-10-09 18:55:09,17,1895.0
metropolitan,Metropolitan,Baker Street Underground Station,940GZZLUBST,162.4,1,778,191,2.71,2026-10-09 18:55:09,19,3086.0
metropolitan,Metropolitan,Chalfont & Latimer Underground Station,940GZZLUCAL,314.5,1,1590,64,5.24,2026-10-09 18:55:09,19,5975.0
metropolitan,Metropolitan,Chesham Underground Station,940GZZLUCSM,361.1,259,873,46,6.02,2026-10-09 18:55:09,19,6861.0
metropolitan,Metropolitan,Croxley Underground Station,940GZZLUCXY,202.4,2,809,59,3.37,2026-10-09 18:55:09,22,4452.0
metropolitan,Metropolitan,Chorleywood Underground Station,940GZZLUCYD,233.6,15,970,57,3.89,2026-10-09 18:55:09,20,4673.0
metropolitan,Metropolitan,Eastcote Underground Station,940GZZLUEAE,152.6,2,490,72,2.54,2026-10-09 18:55:09,20,3053.0
metropolitan,Metropolitan,Euston Square Underground Station,940GZZLUESQ,110.4,2,598,140,1.84,2026-10-09 18:55:09,18,1988.0
metropolitan,Metropolitan,Farringdon Underground Station,940GZZLUFCN,120.9,2,290,150,2.02,2026-10-09 18:55:09,17,2055.0
metropolitan,Metropolitan,Finchley Road Underground Station,940GZZLUFYR,211.9,1,1667,201,3.53,2026-10-09 18:55:09,20,4238.0
metropolitan,Metropolitan,Great Portland Street Underground Station,940GZZLUGPS,160.5,2,850,129,2.68,2026-10-09 18:55:09,18,2889.0
metropolitan,Metropolitan,Hillingdon Underground Station,940GZZLUHGD,232.8,2,909,69,3.88,2026-10-09 18:55:09,20,4655.0
metropolitan,Metropolitan,Harrow-on-the-Hill Underground Station,940GZZLUHOH,222.9,2,1125,345,3.72,2026-10-09 18:55:09,22,4904.0
metropolitan,Metropolitan,Ickenham Underground Station,940GZZLUICK,184.5,2,849,72,3.08,2026-10-09 18:55:09,21,3875.0
metropolitan,Metropolitan,King's Cross St. Pancras Underground Station,940GZZLUKSX,119.2,2,299,145,1.99,2026-10-09 18:55:09,18,2146.0
metropolitan,Metropolitan,Liverpool Street Underground Station,940GZZLULVT,103.1,2,210,163,1.72,2026-10-09 18:55:09,17,1753.0
metropolitan,Metropolitan,Moorgate Underground Station,940GZZLUMGT,133.3,4,280,156,2.22,2026-10-09 18:55:09,17,2266.0
metropolitan,Metropolitan,Moor Park Underground Station,940GZZLUMPK,180.8,2,509,99,3.01,2026-10-09 18:55:09,22,3978.0
metropolitan,Metropolitan,Neasden Underground Station,940GZZLUNDN,440.6,7,1739,116,7.34,2026-10-09 18:55:09,20,8811.0
metropolitan,Metropolitan,North Harrow Underground Station,940GZZLUNHA,303.8,5,959,92,5.06,2026-10-09 18:55:09,22,6684.0
metropolitan,Metropolitan,Northwick Park Underground Station,940GZZLUNKP,88.4,2,318,55,1.47,2026-10-09 18:55:09,16,1415.0
metropolitan,Metropolitan,Northwood Underground Station,940GZZLUNOW,223.2,1,539,97,3.72,2026-10-09 18:55:09,22,4911.0
metropolitan,Metropolitan,Northwood Hills Underground Station,940GZZLUNWH,234.3,4,659,98,3.9,2026-10-09 18:55:09,22,5154.0
metropolitan,Metropolitan,Pinner Underground Station,940GZZLUPNR,268.0,1,789,98,4.47,2026-10-09 18:55:09,22,5896.0
metropolitan,Metropolitan,Preston Road Underground Station,940GZZLUPRD,313.5,1,1485,168,5.22,2026-10-09 18:55:09,23,7211.0
metropolitan,Metropolitan,Rickmansworth Underground Station,940GZZLURKW,307.3,36,984,54,5.12,2026-10-09 18:55:09,20,6146.0
metropolitan,Metropolitan,Ruislip Manor Underground Station,940GZZLURSM,155.8,1,550,70,2.6,2026-10-09 18:55:09,20,3115.0
metropolitan,Metropolitan,Ruislip Underground Station,940GZZLURSP,201.2,1,670,71,3.35,2026-10-09 18:55:09,20,4023.0
metropolitan,Metropolitan,Rayners Lane Underground Station,940GZZLURYL,220.0,3,659,73,3.67,2026-10-09 18:55:09,20,4401.0
metropolitan,Metropolitan,Uxbridge Underground Station,940GZZLUUXB,204.6,1,658,223,3.41,2026-10-09 18:55:09,20,4092.0
metropolitan,Metropolitan,Watford Underground Station,940GZZLUWAF,208.2,1,1049,96,3.47,2026-10-09 18:55:09,23,4788.0
metropolitan,Metropolitan,West Harrow Underground Station,940GZZLUWHW,172.2,4,779,82,2.87,2026-10-09 18:55:09,20,3445.0
metropolitan,Metropolitan,Willesden Green Underground Station,940GZZLUWIG,494.0,3,1308,101,8.23,2026-10-09 18:55:09,20,9881.0
metropolitan,Metropolitan,Wembley Park Underground Station,940GZZLUWYP,287.7,1,1544,297,4.8,2026-10-09 18:55:09,23,6618.0
northern,Northern,Battersea Power Station Underground Station,940GZZBPSUST,165.0,2,696,159,2.75,2026-10-09 18:55:09,19,3135.0
northern,Northern,Archway Underground Station,940GZZLUACY,74.6,2,366,240,1.24,2026-10-09 18:55:09,19,1418.0
northern,Northern,Angel Underground Station,940GZZLUAGL,105.3,2,669,262,1.76,2026-10-09 18:55:09,18,1896.0
northern,Northern,Balham Underground Station,940GZZLUBLM,57.4,5,306,236,0.96,2026-10-09 18:55:09,18,1033.0
northern,Northern,Bank Underground Station,940GZZLUBNK,109.8,10,375,271,1.83,2026-10-09 18:55:09,18,1976.0
northern,Northern,Borough Underground Station,940GZZLUBOR,71.3,5,195,271,1.19,2026-10-09 18:55:09,18,1283.0
northern,Northern,Burnt Oak Underground Station,940GZZLUBTK,178.3,5,975,157,2.97,2026-10-09 18:55:09,19,3388.0
northern,Northern,Brent Cross Underground Station,940GZZLUBTX,94.7,3,495,195,1.58,2026-10-09 18:55:09,19,1799.0
northern,Northern,Belsize Park Underground Station,940GZZLUBZP,73.9,2,198,241,1.23,2026-10-09 18:55:09,18,1330.0
northern,Northern,Chalk Farm Underground Station,940GZZLUCFM,74.6,1,257,244,1.24,2026-10-09 18:55:09,18,1342.0
northern,Northern,Charing Cross Underground Station,940GZZLUCHX,59.8,2,249,253,1.0,2026-10-09 18:55:09,18,1077.0
northern,Northern,Colindale Underground Station,940GZZLUCND,142.0,3,855,170,2.37,2026-10-09 18:55:09,19,2698.0
northern,Northern,Clapham Common Underground Station,940GZZLUCPC,81.2,2,374,246,1.35,2026-10-09 18:55:09,18,1462.0
northern,Northern,Clapham North Underground Station,940GZZLUCPN,106.5,10,374,251,1.78,2026-10-09 18:55:09,18,1917.0
northern,Northern,Clapham South Underground Station,940GZZLUCPS,84.8,3,187,238,1.41,2026-10-09 18:55:09,18,1527.0
northern,Northern,Colliers Wood Underground Station,940GZZLUCSD,79.5,3,210,205,1.32,2026-10-09 18:55:09,18,1431.0
northern,Northern,Camden Town Underground Station,940GZZLUCTN,51.7,2,190,499,0.86,2026-10-09 18:55:09,19,982.0
northern,Northern,Elephant & Castle Underground Station,940GZZLUEAC,63.1,1,169,257,1.05,2026-10-09 18:55:09,18,1136.0
northern,Northern,East Finchley Underground Station,940GZZLUEFY,71.1,3,554,218,1.18,2026-10-09 18:55:09,19,1351.0
northern,Northern,Edgware Underground Station,940GZZLUEGW,150.1,1,1154,315,2.5,2026-10-09 18:55:09,19,2852.0
northern,Northern,Embankment Underground Station,940GZZLUEMB,52.1,1,138,251,0.87,2026-10-09 18:55:09,18,938.0
northern,Northern,Euston Underground Station,940GZZLUEUS,38.1,2,126,513,0.64,2026-10-09 18:55:09,18,686.0
northern,Northern,Finchley Central Underground Station,940GZZLUFYC,47.5,2,193,210,0.79,2026-10-09 18:55:09,19,903.0
northern,Northern,Goodge Street Underground Station,940GZZLUGDG,56.6,2,200,268,0.94,2026-10-09 18:55:09,18,1018.0
northern,Northern,Golders Green Underground Station,940GZZLUGGN,57.2,3,246,218,0.95,2026-10-09 18:55:09,19,1087.0
northern,Northern,High Barnet Underground Station,940GZZLUHBT,68.3,3,297,428,1.14,2026-10-09 18:55:09,19,1298.0
northern,Northern,Hendon Central Underground Station,940GZZLUHCL,124.5,2,615,180,2.08,2026-10-09 18:55:09,19,2366.0
northern,Northern,Highgate Underground Station,940GZZLUHGT,94.4,1,546,228,1.57,2026-10-09 18:55:09,19,1793.0
northern,Northern,Hampstead Underground Station,940GZZLUHTD,49.5,3,198,231,0.82,2026-10-09 18:55:09,19,940.0
northern,Northern,Kennington Underground Station,940GZZLUKNG,34.4,1,218,463,0.57,2026-10-09 18:55:09,19,653.0
northern,Northern,Kentish Town Underground Station,940GZZLUKSH,104.8,6,227,254,1.75,2026-10-09 18:55:09,19,1991.0
northern,Northern,King's Cross St. Pancras Underground Station,940GZZLUKSX,71.5,2,197,251,1.19,2026-10-09 18:55:09,18,1287.0
northern,Northern,London Bridge Underground Station,940GZZLULNB,75.3,2,315,270,1.25,2026-10-09 18:55:09,18,1355.0
northern,Northern,Leicester Square Underground Station,940GZZLULSQ,62.7,1,198,260,1.05,2026-10-09 18:55:09,18,1128.0
northern,Northern,Morden Underground Station,940GZZLUMDN,141.3,3,530,526,2.36,2026-10-09 18:55:09,18,2543.0
northern,Northern,Moorgate Underground Station,940GZZLUMGT,91.1,4,435,273,1.52,2026-10-09 18:55:09,18,1639.0
northern,Northern,Mill Hill East Underground Station,940GZZLUMHL,105.3,2,438,38,1.76,2026-10-09 18:55:09,17,1790.0
northern,Northern,Mornington Crescent Underground Station,940GZZLUMTC,73.0,3,327,260,1.22,2026-10-09 18:55:09,18,1314.0
northern,Northern,Old Street Underground Station,940GZZLUODS,106.0,9,458,265,1.77,2026-10-09 18:55:09,18,1908.0
northern,Northern,Oval Underground Station,940GZZLUOVL,62.9,2,178,262,1.05,2026-10-09 18:55:09,17,1070.0
northern,Northern,Stockwell Underground Station,940GZZLUSKW,84.2,2,309,255,1.4,2026-10-09 18:55:09,18,1516.0
northern,Northern,South Wimbledon Underground Station,940GZZLUSWN,127.8,2,576,181,2.13,2026-10-09 18:55:09,18,2300.0
northern,Northern,Totteridge & Whetstone Underground Station,940GZZLUTAW,143.2,5,951,151,2.39,2026-10-09 18:55:09,19,2721.0
northern,Northern,Tooting Bec Underground Station,940GZZLUTBC,61.2,3,155,219,1.02,2026-10-09 18:55:09,18,1102.0
northern,Northern,Tooting Broadway Underground Station,940GZZLUTBY,70.1,4,216,210,1.17,2026-10-09 18:55:09,18,1262.0
northern,Northern,Tottenham Court Road Underground Station,940GZZLUTCR,61.8,3,172,260,1.03,2026-10-09 18:55:09,18,1113.0
northern,Northern,Tufnell Park Underground Station,940GZZLUTFP,83.1,1,276,255,1.38,2026-10-09 18:55:09,19,1578.0
northern,Northern,West Finchley Underground Station,940GZZLUWFN,80.2,2,339,166,1.34,2026-10-09 18:55:09,19,1524.0
northern,Northern,Waterloo Underground Station,940GZZLUWLO,95.5,2,291,232,1.59,2026-10-09 18:55:09,18,1719.0
northern,Northern,Woodside Park Underground Station,940GZZLUWOP,73.8,3,255,165,1.23,2026-10-09 18:55:09,19,1402.0
northern,Northern,Warren Street Underground Station,940GZZLUWRR,95.4,2,260,259,1.59,2026-10-09 18:55:09,18,1717.0
northern,Northern,Nine Elms Underground Station,940GZZNEUGST,117.1,2,193,98,1.95,2026-10-09 18:55:09,19,2224.0
piccadilly,Piccadilly,Acton Town Underground Station,940GZZLUACT,60.7,4,180,493,1.01,2026-10-09 18:55:09,19,1154.0
piccadilly,Piccadilly,Alperton Underground Station,940GZZLUALP,207.9,7,492,79,3.47,2026-10-09 18:55:09,19,3951.0
piccadilly,Piccadilly,Arnos Grove Underground Station,940GZZLUASG,70.4,7,310,223,1.17,2026-10-09 18:55:09,23,1619.0
piccadilly,Piccadilly,Arsenal Underground Station,940GZZLUASL,135.4,28,429,276,2.26,2026-10-09 18:55:09,20,2707.0
piccadilly,Piccadilly,Bounds Green Underground Station,940GZZLUBDS,174.2,16,1270,215,2.9,2026-10-09 18:55:09,20,3485.0
piccadilly,Piccadilly,Boston Manor Underground Station,940GZZLUBOS,155.6,3,413,146,2.59,2026-10-09 18:55:09,19,2957.0
piccadilly,Piccadilly,Barons Court Underground Station,940GZZLUBSC,69.7,3,279,289,1.16,2026-10-09 18:55:09,18,1255.0
piccadilly,Piccadilly,Caledonian Road Underground Station,940GZZLUCAR,88.8,6,220,289,1.48,2026-10-09 18:55:09,19,1688.0
piccadilly,Piccadilly,Covent Garden Underground Station,940GZZLUCGN,98.8,2,308,289,1.65,2026-10-09 18:55:09,18,1778.0
piccadilly,Piccadilly,Cockfosters Underground Station,940GZZLUCKS,193.1,1,723,442,3.22,2026-10-09 18:55:09,23,4442.0
piccadilly,Piccadilly,Eastcote Underground Station,940GZZLUEAE,491.6,7,1237,33,8.19,2026-10-09 18:55:09,17,8357.0
piccadilly,Piccadilly,Ealing Common Underground Station,940GZZLUECM,225.2,19,481,97,3.75,2026-10-09 18:55:09,18,4054.0
piccadilly,Piccadilly,Earl's Court Underground Station,940GZZLUECT,77.1,7,201,296,1.28,2026-10-09 18:55:09,18,1387.0
piccadilly,Piccadilly,Finsbury Park Underground Station,940GZZLUFPK,105.3,4,490,273,1.76,2026-10-09 18:55:09,20,2106.0
piccadilly,Piccadilly,Green Park Underground Station,940GZZLUGPK,75.1,1,201,290,1.25,2026-10-09 18:55:09,18,1352.0
piccadilly,Piccadilly,Gloucester Road Underground Station,940GZZLUGTR,112.0,1,668,294,1.87,2026-10-09 18:55:09,18,2016.0
piccadilly,Piccadilly,Holborn Underground Station,940GZZLUHBN,94.0,2,368,288,1.57,2026-10-09 18:55:09,18,1692.0
piccadilly,Piccadilly,Hillingdon Underground Station,940GZZLUHGD,713.5,50,1717,27,11.89,2026-10-09 18:55:09,17,12129.0
piccadilly,Piccadilly,Hatton Cross Underground Station,940GZZLUHNX,169.0,2,968,115,2.82,2026-10-09 18:55:09,19,3211.0
piccadilly,Piccadilly,Hyde Park Corner Underground Station,940GZZLUHPC,82.8,5,309,292,1.38,2026-10-09 18:55:09,18,1491.0
piccadilly,Piccadilly,Heathrow Terminal 4 Underground Station,940GZZLUHR4,459.5,2,1345,42,7.66,2026-10-09 18:55:09,17,7811.0
piccadilly,Piccadilly,Heathrow Terminal 5 Underground Station,940GZZLUHR5,11.0,2,19,3,0.18,2026-10-09 18:55:09,3,33.0
piccadilly,Piccadilly,Heathrow Terminals 2 & 3 Underground Station,940GZZLUHRC,320.9,2,1268,88,5.35,2026-10-09 18:55:09,19,6098.0
piccadilly,Piccadilly,Hammersmith (Dist&Picc Line) Underground Station,940GZZLUHSD,58.5,1,170,301,0.98,2026-10-09 18:55:09,19,1112.0
piccadilly,Piccadilly,Hounslow Central Underground Station,940GZZLUHWC,205.5,3,834,128,3.42,2026-10-09 18:55:09,19,3904.0
piccadilly,Piccadilly,Hounslow East Underground Station,940GZZLUHWE,147.3,4,714,132,2.46,2026-10-09 18:55:09,19,2798.0
piccadilly,Piccadilly,Hounslow West Underground Station,940GZZLUHWT,144.8,4,729,125,2.41,2026-10-09 18:55:09,19,2752.0
piccadilly,Piccadilly,Holloway Road Underground Station,940GZZLUHWY,104.0,3,310,289,1.73,2026-10-09 18:55:09,19,1976.0
piccadilly,Piccadilly,Ickenham Underground Station,940GZZLUICK,665.8,48,1598,29,11.1,2026-10-09 18:55:09,17,11318.0
piccadilly,Piccadilly,Knightsbridge Underground Station,940GZZLUKNB,114.6,4,429,283,1.91,2026-10-09 18:55:09,18,2062.0
piccadilly,Piccadilly,King's Cross St. Pancras Underground Station,940GZZLUKSX,70.4,5,259,295,1.17,2026-10-09 18:55:09,19,1338.0
piccadilly,Piccadilly,Leicester Square Underground Station,940GZZLULSQ,76.8,7,143,294,1.28,2026-10-09 18:55:09,18,1382.0
piccadilly,Piccadilly,Manor House Underground Station,940GZZLUMRH,127.0,4,640,265,2.12,2026-10-09 18:55:09,20,2541.0
piccadilly,Piccadilly,North Ealing Underground Station,940GZZLUNEN,164.8,1,308,94,2.75,2026-10-09 18:55:09,19,3132.0
piccadilly,Piccadilly,Northfields Underground Station,940GZZLUNFD,133.0,6,359,318,2.22,2026-10-09 18:55:09,19,2527.0
piccadilly,Piccadilly,Oakwood Underground Station,940GZZLUOAK,186.4,5,482,156,3.11,2026-10-09 18:55:09,23,4288.0
piccadilly,Piccadilly,Osterley Underground Station,940GZZLUOSY,139.5,5,653,136,2.33,2026-10-09 18:55:09,19,2651.0
piccadilly,Piccadilly,Piccadilly Circus Underground Station,940GZZLUPCC,68.9,5,159,289,1.15,2026-10-09 18:55:09,18,1240.0
piccadilly,Piccadilly,Park Royal Underground Station,940GZZLUPKR,105.5,19,309,94,1.76,2026-10-09 18:55:09,19,2004.0
piccadilly,Piccadilly,Ruislip Manor Underground Station,940GZZLURSM,348.5,5,1357,36,5.81,2026-10-09 18:55:09,18,6273.0
piccadilly,Piccadilly,Ruislip Underground Station,940GZZLURSP,388.5,46,1477,34,6.48,2026-10-09 18:55:09,18,6993.0
piccadilly,Piccadilly,Russell Square Underground Station,940GZZLURSQ,50.6,4,142,290,0.84,2026-10-09 18:55:09,18,911.0
piccadilly,Piccadilly,Rayners Lane Underground Station,940GZZLURYL,333.3,8,689,65,5.56,2026-10-09 18:55:09,19,6333.0
piccadilly,Piccadilly,South Ealing Underground Station,940GZZLUSEA,104.5,6,278,324,1.74,2026-10-09 18:55:09,19,1986.0
piccadilly,Piccadilly,Southgate Underground Station,940GZZLUSGT,136.3,6,338,162,2.27,2026-10-09 18:55:09,23,3134.0
piccadilly,Piccadilly,South Harrow Underground Station,940GZZLUSHH,210.5,8,684,74,3.51,2026-10-09 18:55:09,19,3999.0
piccadilly,Piccadilly,South Kensington Underground Station,940GZZLUSKS,104.3,10,549,297,1.74,2026-10-09 18:55:09,18,1877.0
piccadilly,Piccadilly,Sudbury Hill Underground Station,940GZZLUSUH,283.2,7,865,75,4.72,2026-10-09 18:55:09,19,5381.0
piccadilly,Piccadilly,Sudbury Town Underground Station,940GZZLUSUT,214.7,6,985,78,3.58,2026-10-09 18:55:09,19,4080.0
piccadilly,Piccadilly,Turnham Green Underground Station,940GZZLUTNG,113.3,6,308,297,1.89,2026-10-09 18:55:09,19,2152.0
piccadilly,Piccadilly,Turnpike Lane Underground Station,940GZZLUTPN,177.1,11,819,243,2.95,2026-10-09 18:55:09,20,3542.0
piccadilly,Piccadilly,Uxbridge Underground Station,940GZZLUUXB,346.5,1,1457,75,5.78,2026-10-09 18:55:09,17,5891.0
piccadilly,Piccadilly,Wood Green Underground Station,940GZZLUWOG,145.9,1,1000,226,2.43,2026-10-09 18:55:09,20,2918.0
victoria,Victoria,Blackhorse Road Underground Station,940GZZLUBLR,137.4,11,1317,209,2.29,2026-10-09 18:55:09,19,2611.0
victoria,Victoria,Brixton Underground Station,940GZZLUBXN,109.6,3,673,417,1.83,2026-10-09 18:55:09,18,1972.0
victoria,Victoria,Euston Underground Station,940GZZLUEUS,70.8,1,476,208,1.18,2026-10-09 18:55:09,18,1274.0
victoria,Victoria,Finsbury Park Underground Station,940GZZLUFPK,99.7,2,776,209,1.66,2026-10-09 18:55:09,18,1795.0
victoria,Victoria,Green Park Underground Station,940GZZLUGPK,80.6,4,208,211,1.34,2026-10-09 18:55:09,19,1532.0
victoria,Victoria,Highbury & Islington Underground Station,940GZZLUHAI,71.6,1,656,208,1.19,2026-10-09 18:55:09,18,1289.0
victoria,Victoria,King's Cross St. Pancras Underground Station,940GZZLUKSX,81.1,1,536,206,1.35,2026-10-09 18:55:09,18,1460.0
victoria,Victoria,Oxford Circus Underground Station,940GZZLUOXC,64.7,1,284,216,1.08,2026-10-09 18:55:09,18,1164.0
victoria,Victoria,Pimlico Underground Station,940GZZLUPCO,72.2,1,313,207,1.2,2026-10-09 18:55:09,18,1299.0
victoria,Victoria,Stockwell Underground Station,940GZZLUSKW,90.8,1,493,213,1.51,2026-10-09 18:55:09,18,1634.0
victoria,Victoria,Seven Sisters Underground Station,940GZZLUSVS,118.9,7,1016,205,1.98,2026-10-09 18:55:09,18,2141.0
victoria,Victoria,Tottenham Hale Underground Station,940GZZLUTMH,139.2,12,1196,205,2.32,2026-10-09 18:55:09,19,2645.0
victoria,Victoria,Victoria Underground Station,940GZZLUVIC,95.0,9,253,207,1.58,2026-10-09 18:55:09,19,1805.0
victoria,Victoria,Vauxhall Underground Station,940GZZLUVXL,70.5,1,374,207,1.18,2026-10-09 18:55:09,18,1269.0
victoria,Victoria,Warren Street Underground Station,940GZZLUWRR,81.2,10,356,200,1.35,2026-10-09 18:55:09,18,1462.0
victoria,Victoria,Walthamstow Central Underground Station,940GZZLUWWL,194.4,9,1436,405,3.24,2026-10-09 18:55:09,19,3693.0
