line_id,line_name,hour,avg_severity,min_severity,snapshot_count,good_service_count,pct_good_service
bakerloo,Bakerloo,0,10.0,10,1,1,100.0
bakerloo,Bakerloo,6,9.0,9,1,0,0.0
bakerloo,Bakerloo,7,10.0,10,1,1,100.0
bakerloo,Bakerloo,8,10.0,10,2,2,100.0
bakerloo,Bakerloo,9,10.0,10,1,1,100.0
bakerloo,Bakerloo,11,6.0,6,1,0,0.0
bakerloo,Bakerloo,12,6.0,6,1,0,0.0
bakerloo,Bakerloo,13,6.0,6,1,0,0.0
bakerloo,Bakerloo,14,7.5,6,2,0,0.0
bakerloo,Bakerloo,15,10.0,10,1,1,100.0
bakerloo,Bakerloo,16,9.5,9,2,1,50.0
bakerloo,Bakerloo,18,10.0,10,1,1,100.0
bakerloo,Bakerloo,20,9.67,9,3,2,66.7
bakerloo,Bakerloo,21,8.0,6,6,3,50.0
bakerloo,Bakerloo,22,7.07,3,14,3,21.4
bakerloo,Bakerloo,23,7.0,3,5,2,40.0
central,Central,2,10.0,10,1,1,100.0
central,Central,6,9.0,9,1,0,0.0
central,Central,7,10.0,10,1,1,100.0
central,Central,8,9.5,9,2,1,50.0
central,Central,9,10.0,10,1,1,100.0
central,Central,11,10.0,10,1,1,100.0
central,Central,12,10.0,10,1,1,100.0
central,Central,13,9.0,9,1,0,0.0
central,Central,14,9.5,9,2,1,50.0
central,Central,15,10.0,10,1,1,100.0
central,Central,16,8.0,6,3,0,0.0
central,Central,18,9.0,9,1,0,0.0
central,Central,20,9.33,9,3,1,33.3
central,Central,21,9.5,9,6,3,50.0
central,Central,22,9.86,9,14,12,85.7
central,Central,23,10.0,10,5,5,100.0
circle,Circle,6,10.0,10,1,1,100.0
circle,Circle,7,10.0,10,1,1,100.0
circle,Circle,8,7.5,5,2,1,50.0
circle,Circle,9,10.0,10,1,1,100.0
circle,Circle,11,10.0,10,1,1,100.0
circle,Circle,12,10.0,10,1,1,100.0
circle,Circle,13,10.0,10,1,1,100.0
circle,Circle,14,7.5,5,2,1,50.0
circle,Circle,15,10.0,10,1,1,100.0
circle,Circle,16,9.5,9,2,1,50.0
circle,Circle,18,10.0,10,1,1,100.0
circle,Circle,20,10.0,10,3,3,100.0
circle,Circle,21,10.0,10,6,6,100.0
circle,Circle,22,9.93,9,14,13,92.9
circle,Circle,23,9.8,9,5,4,80.0
district,District,6,10.0,10,1,1,100.0
district,District,7,10.0,10,1,1,100.0
district,District,8,7.5,5,2,1,50.0
district,District,9,9.0,9,1,0,0.0
district,District,11,10.0,10,1,1,100.0
district,District,12,10.0,10,1,1,100.0
district,District,13,6.0,6,1,0,0.0
district,District,14,7.5,5,2,1,50.0
district,District,15,9.0,9,1,0,0.0
district,District,16,9.5,9,2,1,50.0
district,District,18,4.5,3,2,0,0.0
district,District,20,10.0,10,3,3,100.0
district,District,21,10.0,10,6,6,100.0
district,District,22,8.35,5,17,10,58.8
district,District,23,9.0,5,5,4,80.0
elizabeth,Elizabeth line,6,10.0,10,1,1,100.0
elizabeth,Elizabeth line,7,6.0,6,1,0,0.0
elizabeth,Elizabeth line,8,10.0,10,2,2,100.0
elizabeth,Elizabeth line,9,10.0,10,1,1,100.0
elizabeth,Elizabeth line,11,10.0,10,1,1,100.0
elizabeth,Elizabeth line,12,10.0,10,1,1,100.0
elizabeth,Elizabeth line,13,6.0,6,1,0,0.0
elizabeth,Elizabeth line,14,10.0,10,2,2,100.0
elizabeth,Elizabeth line,15,10.0,10,1,1,100.0
elizabeth,Elizabeth line,16,7.5,6,4,1,25.0
elizabeth,Elizabeth line,18,10.0,10,1,1,100.0
elizabeth,Elizabeth line,20,9.67,9,3,2,66.7
elizabeth,Elizabeth line,21,8.25,7,8,2,25.0
elizabeth,Elizabeth line,22,7.86,7,14,4,28.6
elizabeth,Elizabeth line,23,8.2,7,5,2,40.0
jubilee,Jubilee,2,10.0,10,1,1,100.0
jubilee,Jubilee,6,10.0,10,1,1,100.0
jubilee,Jubilee,7,10.0,10,1,1,100.0
jubilee,Jubilee,8,6.0,3,3,0,0.0
jubilee,Jubilee,9,10.0,10,1,1,100.0
jubilee,Jubilee,11,10.0,10,1,1,100.0
jubilee,Jubilee,12,10.0,10,1,1,100.0
jubilee,Jubilee,13,10.0,10,1,1,100.0
jubilee,Jubilee,14,8.0,6,2,1,50.0
jubilee,Jubilee,15,10.0,10,1,1,100.0
jubilee,Jubilee,16,10.0,10,2,2,100.0
jubilee,Jubilee,18,10.0,10,1,1,100.0
jubilee,Jubilee,20,10.0,10,3,3,100.0
jubilee,Jubilee,21,9.67,9,6,4,66.7
jubilee,Jubilee,22,9.71,9,14,10,71.4
jubilee,Jubilee,23,9.8,9,5,4,80.0
metropolitan,Metropolitan,6,9.0,9,1,0,0.0
metropolitan,Metropolitan,7,10.0,10,1,1,100.0
metropolitan,Metropolitan,8,8.33,6,3,1,33.3
metropolitan,Metropolitan,9,10.0,10,1,1,100.0
metropolitan,Metropolitan,11,9.0,9,1,0,0.0
metropolitan,Metropolitan,12,9.0,9,1,0,0.0
metropolitan,Metropolitan,13,9.0,9,1,0,0.0
metropolitan,Metropolitan,14,9.5,9,2,1,50.0
metropolitan,Metropolitan,15,10.0,10,1,1,100.0
metropolitan,Metropolitan,16,7.0,3,4,1,25.0
metropolitan,Metropolitan,18,10.0,10,1,1,100.0
metropolitan,Metropolitan,20,8.67,6,3,2,66.7
metropolitan,Metropolitan,21,9.17,6,6,4,66.7
metropolitan,Metropolitan,22,8.79,6,14,3,21.4
metropolitan,Metropolitan,23,8.2,6,5,2,40.0
northern,Northern,2,10.0,10,1,1,100.0
northern,Northern,6,6.0,6,1,0,0.0
northern,Northern,7,10.0,10,1,1,100.0
northern,Northern,8,6.5,3,2,1,50.0
northern,Northern,9,10.0,10,1,1,100.0
northern,Northern,11,10.0,10,1,1,100.0
northern,Northern,12,10.0,10,1,1,100.0
northern,Northern,13,10.0,10,1,1,100.0
northern,Northern,14,6.33,3,3,1,33.3
northern,Northern,15,10.0,10,1,1,100.0
northern,Northern,16,10.0,10,2,2,100.0
northern,Northern,18,10.0,10,1,1,100.0
northern,Northern,20,6.25,3,4,1,25.0
northern,Northern,21,8.86,3,7,5,71.4
northern,Northern,22,9.5,9,14,7,50.0
northern,Northern,23,9.8,9,5,4,80.0
piccadilly,Piccadilly,2,10.0,10,1,1,100.0
piccadilly,Piccadilly,6,10.0,10,1,1,100.0
piccadilly,Piccadilly,7,10.0,10,1,1,100.0
piccadilly,Piccadilly,8,10.0,10,2,2,100.0
piccadilly,Piccadilly,9,10.0,10,1,1,100.0
piccadilly,Piccadilly,11,9.0,9,1,0,0.0
piccadilly,Piccadilly,12,4.5,3,2,0,0.0
piccadilly,Piccadilly,13,9.0,9,1,0,0.0
piccadilly,Piccadilly,14,9.5,9,2,1,50.0
piccadilly,Piccadilly,15,10.0,10,1,1,100.0
piccadilly,Piccadilly,16,9.5,9,2,1,50.0
piccadilly,Piccadilly,18,10.0,10,1,1,100.0
piccadilly,Piccadilly,20,10.0,10,3,3,100.0
piccadilly,Piccadilly,21,9.33,6,6,5,83.3
piccadilly,Piccadilly,22,8.64,5,14,10,71.4
piccadilly,Piccadilly,23,8.2,5,5,3,60.0
victoria,Victoria,2,10.0,10,1,1,100.0
victoria,Victoria,6,9.0,9,1,0,0.0
victoria,Victoria,7,10.0,10,1,1,100.0
victoria,Victoria,8,9.5,9,2,1,50.0
victoria,Victoria,9,6.0,6,1,0,0.0
victoria,Victoria,11,10.0,10,1,1,100.0
victoria,Victoria,12,10.0,10,1,1,100.0
victoria,Victoria,13,9.0,9,1,0,0.0
victoria,Victoria,14,8.0,6,2,1,50.0
victoria,Victoria,15,10.0,10,1,1,100.0
victoria,Victoria,16,10.0,10,2,2,100.0
victoria,Victoria,18,10.0,10,1,1,100.0
victoria,Victoria,20,9.67,9,3,2,66.7
victoria,Victoria,21,10.0,10,6,6,100.0
victoria,Victoria,22,10.0,10,14,14,100.0
victoria,Victoria,23,9.8,9,5,4,80.0
