line_id,station_name,naptan_id,lat,lon,zone
central,Barkingside Underground Station,940GZZLUBKE,51.585689,0.088585,
central,Buckhurst Hill Underground Station,940GZZLUBKH,51.626605,0.046757,
central,Bethnal Green Underground Station,940GZZLUBLG,51.527222,-0.055506,
central,Bond Street Underground Station,940GZZLUBND,51.514304,-0.149723,
central,Bank Underground Station,940GZZLUBNK,51.513356,-0.088899,
central,Chancery Lane Underground Station,940GZZLUCHL,51.518247,-0.111583,
central,Chigwell Underground Station,940GZZLUCWL,51.617916,0.075041,
central,Debden Underground Station,940GZZLUDBN,51.645386,0.083782,
central,East Acton Underground Station,940GZZLUEAN,51.516612,-0.247248,
central,Ealing Broadway Underground Station,940GZZLUEBY,51.515017,-0.301457,
central,Epping Underground Station,940GZZLUEPG,51.69368,0.113767,
central,Fairlop Underground Station,940GZZLUFLP,51.595618,0.091004,
central,Greenford Underground Station,940GZZLUGFD,51.542424,-0.34605,
central,Grange Hill Underground Station,940GZZLUGGH,51.613378,0.092066,
central,Gants Hill Underground Station,940GZZLUGTH,51.576544,0.066185,
central,Holborn Underground Station,940GZZLUHBN,51.51758,-0.120475,
central,Hanger Lane Underground Station,940GZZLUHGR,51.530177,-0.292704,
central,Hainault Underground Station,940GZZLUHLT,51.603659,0.093482,
central,Holland Park Underground Station,940GZZLUHPK,51.507143,-0.205679,
central,Loughton Underground Station,940GZZLULGN,51.641443,0.055476,
central,Lancaster Gate Underground Station,940GZZLULGT,51.511723,-0.175494,
central,Liverpool Street Underground Station,940GZZLULVT,51.517372,-0.083182,
central,Leyton Underground Station,940GZZLULYN,51.556589,-0.005523,
central,Leytonstone Underground Station,940GZZLULYS,51.568324,0.008194,
central,Marble Arch Underground Station,940GZZLUMBA,51.513424,-0.158953,
central,Mile End Underground Station,940GZZLUMED,51.525122,-0.03364,
central,North Acton Underground Station,940GZZLUNAN,51.523524,-0.259755,
central,Newbury Park Underground Station,940GZZLUNBP,51.575726,0.090004,
central,Notting Hill Gate Underground Station,940GZZLUNHG,51.509128,-0.196104,
central,Northolt Underground Station,940GZZLUNHT,51.548236,-0.368699,
central,Oxford Circus Underground Station,940GZZLUOXC,51.515224,-0.141903,
central,Perivale Underground Station,940GZZLUPVL,51.536717,-0.323446,
central,Queensway Underground Station,940GZZLUQWY,51.510312,-0.187152,
central,Redbridge Underground Station,940GZZLURBG,51.576243,0.04536,
central,Ruislip Gardens Underground Station,940GZZLURSG,51.560736,-0.41071,
central,Roding Valley Underground Station,940GZZLURVY,51.617199,0.043647,
central,Shepherd's Bush (Central) Underground Station,940GZZLUSBC,51.504376,-0.218813,
central,Snaresbrook Underground Station,940GZZLUSNB,51.580678,0.02144,
central,St. Paul's Underground Station,940GZZLUSPU,51.514936,-0.097567,
central,South Ruislip Underground Station,940GZZLUSRP,51.556853,-0.398915,
central,Stratford Underground Station,940GZZLUSTD,51.541806,-0.003458,
central,South Woodford Underground Station,940GZZLUSWF,51.591907,0.027338,
central,Tottenham Court Road Underground Station,940GZZLUTCR,51.516426,-0.13041,
central,Theydon Bois Underground Station,940GZZLUTHB,51.671759,0.103085,
central,White City Underground Station,940GZZLUWCY,51.511959,-0.224297,
central,Woodford Underground Station,940GZZLUWOF,51.606899,0.03397,
central,West Ruislip Underground Station,940GZZLUWRP,51.569688,-0.437886,
central,Wanstead Underground Station,940GZZLUWSD,51.575501,0.028527,
central,West Acton Underground Station,940GZZLUWTA,51.518001,-0.28098,
jubilee,Bermondsey Underground Station,940GZZLUBMY,51.49775,-0.063993,
jubilee,Bond Street Underground Station,940GZZLUBND,51.514304,-0.149723,
jubilee,Baker Street Underground Station,940GZZLUBST,51.522883,-0.15713,
jubilee,Canning Town Underground Station,940GZZLUCGT,51.513584,0.008322,
jubilee,Canons Park Underground Station,940GZZLUCPK,51.607701,-0.294693,
jubilee,Canada Water Underground Station,940GZZLUCWR,51.497931,-0.049405,
jubilee,Canary Wharf Underground Station,940GZZLUCYF,51.503488,-0.018246,
jubilee,Dollis Hill Underground Station,940GZZLUDOH,51.551955,-0.239068,
jubilee,Finchley Road Underground Station,940GZZLUFYR,51.546825,-0.179845,
jubilee,Green Park Underground Station,940GZZLUGPK,51.506947,-0.142787,
jubilee,Kilburn Underground Station,940GZZLUKBN,51.547183,-0.204248,
jubilee,Kingsbury Underground Station,940GZZLUKBY,51.584845,-0.27879,
jubilee,London Bridge Underground Station,940GZZLULNB,51.505721,-0.088873,
jubilee,Neasden Underground Station,940GZZLUNDN,51.553986,-0.249837,
jubilee,North Greenwich Underground Station,940GZZLUNGW,51.50047,0.004287,
jubilee,Queensbury Underground Station,940GZZLUQBY,51.594188,-0.286219,
jubilee,St. John's Wood Underground Station,940GZZLUSJW,51.534521,-0.173948,
jubilee,Stratford Underground Station,940GZZLUSTD,51.541806,-0.003458,
jubilee,Stanmore Underground Station,940GZZLUSTM,51.619839,-0.303266,
jubilee,Swiss Cottage Underground Station,940GZZLUSWC,51.543681,-0.174894,
jubilee,Southwark Underground Station,940GZZLUSWK,51.50427,-0.105331,
jubilee,West Ham Underground Station,940GZZLUWHM,51.528136,0.005055,
jubilee,West Hampstead Underground Station,940GZZLUWHP,51.546638,-0.191059,
jubilee,Willesden Green Underground Station,940GZZLUWIG,51.549146,-0.221537,
jubilee,Waterloo Underground Station,940GZZLUWLO,51.503299,-0.11478,
jubilee,Westminster Underground Station,940GZZLUWSM,51.50132,-0.124861,
jubilee,Wembley Park Underground Station,940GZZLUWYP,51.563198,-0.279262,
northern,Battersea Power Station Underground Station,940GZZBPSUST,51.479932,-0.142142,
northern,Archway Underground Station,940GZZLUACY,51.565478,-0.134819,
northern,Angel Underground Station,940GZZLUAGL,51.532624,-0.105898,
northern,Balham Underground Station,940GZZLUBLM,51.443288,-0.152997,
northern,Bank Underground Station,940GZZLUBNK,51.513356,-0.088899,
northern,Borough Underground Station,940GZZLUBOR,51.501199,-0.09337,
northern,Burnt Oak Underground Station,940GZZLUBTK,51.602774,-0.264048,
northern,Brent Cross Underground Station,940GZZLUBTX,51.57665,-0.213622,
northern,Belsize Park Underground Station,940GZZLUBZP,51.550311,-0.164648,
northern,Chalk Farm Underground Station,940GZZLUCFM,51.544118,-0.153388,
northern,Charing Cross Underground Station,940GZZLUCHX,51.50741,-0.127277,
northern,Colindale Underground Station,940GZZLUCND,51.595424,-0.249919,
northern,Clapham Common Underground Station,940GZZLUCPC,51.461742,-0.138317,
northern,Clapham North Underground Station,940GZZLUCPN,51.465135,-0.130016,
northern,Clapham South Underground Station,940GZZLUCPS,51.452654,-0.147582,
northern,Colliers Wood Underground Station,940GZZLUCSD,51.41816,-0.178086,
northern,Camden Town Underground Station,940GZZLUCTN,51.539292,-0.14274,
northern,Elephant & Castle Underground Station,940GZZLUEAC,51.494536,-0.100606,
northern,East Finchley Underground Station,940GZZLUEFY,51.587131,-0.165012,
northern,Edgware Underground Station,940GZZLUEGW,51.613653,-0.274928,
northern,Embankment Underground Station,940GZZLUEMB,51.507058,-0.122666,
northern,Euston Underground Station,940GZZLUEUS,51.527999,-0.133785,
northern,Finchley Central Underground Station,940GZZLUFYC,51.600921,-0.192527,
northern,Goodge Street Underground Station,940GZZLUGDG,51.520599,-0.134361,
northern,Golders Green Underground Station,940GZZLUGGN,51.572259,-0.194039,
northern,High Barnet Underground Station,940GZZLUHBT,51.650541,-0.194298,
northern,Hendon Central Underground Station,940GZZLUHCL,51.583301,-0.226424,
northern,Highgate Underground Station,940GZZLUHGT,51.577532,-0.145857,
northern,Hampstead Underground Station,940GZZLUHTD,51.556239,-0.177464,
northern,Kennington Underground Station,940GZZLUKNG,51.488337,-0.105963,
northern,Kentish Town Underground Station,940GZZLUKSH,51.550312,-0.140733,
northern,King's Cross St. Pancras Underground Station,940GZZLUKSX,51.530663,-0.123194,
northern,London Bridge Underground Station,940GZZLULNB,51.505721,-0.088873,
northern,Leicester Square Underground Station,940GZZLULSQ,51.511386,-0.128426,
northern,Morden Underground Station,940GZZLUMDN,51.402142,-0.194839,
northern,Moorgate Underground Station,940GZZLUMGT,51.518176,-0.088322,
northern,Mill Hill East Underground Station,940GZZLUMHL,51.608229,-0.209986,
northern,Mornington Crescent Underground Station,940GZZLUMTC,51.534679,-0.138789,
northern,Old Street Underground Station,940GZZLUODS,51.525864,-0.08777,
northern,Oval Underground Station,940GZZLUOVL,51.48185,-0.112439,
northern,Stockwell Underground Station,940GZZLUSKW,51.472184,-0.122644,
northern,South Wimbledon Underground Station,940GZZLUSWN,51.415309,-0.192005,
northern,Totteridge & Whetstone Underground Station,940GZZLUTAW,51.630597,-0.17921,
northern,Tooting Bec Underground Station,940GZZLUTBC,51.435678,-0.159736,
northern,Tooting Broadway Underground Station,940GZZLUTBY,51.42763,-0.168374,
northern,Tottenham Court Road Underground Station,940GZZLUTCR,51.516426,-0.13041,
northern,Tufnell Park Underground Station,940GZZLUTFP,51.556822,-0.138433,
northern,West Finchley Underground Station,940GZZLUWFN,51.609426,-0.188362,
northern,Waterloo Underground Station,940GZZLUWLO,51.503299,-0.11478,
northern,Woodside Park Underground Station,940GZZLUWOP,51.618014,-0.18542,
northern,Warren Street Underground Station,940GZZLUWRR,51.524951,-0.138321,
northern,Nine Elms Underground Station,940GZZNEUGST,51.479912,-0.128476,
victoria,Blackhorse Road Underground Station,940GZZLUBLR,51.586919,-0.04115,
victoria,Brixton Underground Station,940GZZLUBXN,51.462618,-0.114888,
victoria,Euston Underground Station,940GZZLUEUS,51.527999,-0.133785,
victoria,Finsbury Park Underground Station,940GZZLUFPK,51.564158,-0.106825,
victoria,Green Park Underground Station,940GZZLUGPK,51.506947,-0.142787,
victoria,Highbury & Islington Underground Station,940GZZLUHAI,51.54635,-0.103324,
victoria,King's Cross St. Pancras Underground Station,940GZZLUKSX,51.530663,-0.123194,
victoria,Oxford Circus Underground Station,940GZZLUOXC,51.515224,-0.141903,
victoria,Pimlico Underground Station,940GZZLUPCO,51.489097,-0.133761,
victoria,Stockwell Underground Station,940GZZLUSKW,51.472184,-0.122644,
victoria,Seven Sisters Underground Station,940GZZLUSVS,51.58333,-0.072584,
victoria,Tottenham Hale Underground Station,940GZZLUTMH,51.588108,-0.060241,
victoria,Victoria Underground Station,940GZZLUVIC,51.496359,-0.143102,
victoria,Vauxhall Underground Station,940GZZLUVXL,51.485743,-0.124204,
victoria,Warren Street Underground Station,940GZZLUWRR,51.524951,-0.138321,
victoria,Walthamstow Central Underground Station,940GZZLUWWL,51.582965,-0.019885,
bakerloo,Baker Street Underground Station,940GZZLUBST,51.522883,-0.15713,
bakerloo,Charing Cross Underground Station,940GZZLUCHX,51.50741,-0.127277,
bakerloo,Elephant & Castle Underground Station,940GZZLUEAC,51.494536,-0.100606,
bakerloo,Embankment Underground Station,940GZZLUEMB,51.507058,-0.122666,
bakerloo,Edgware Road (Bakerloo) Underground Station,940GZZLUERB,51.520299,-0.17015,
bakerloo,Harrow & Wealdstone Underground Station,940GZZLUHAW,51.592268,-0.335217,
bakerloo,Harlesden Underground Station,940GZZLUHSN,51.53631,-0.257883,
bakerloo,Kenton Underground Station,940GZZLUKEN,51.581756,-0.31691,
bakerloo,Kilburn Park Underground Station,940GZZLUKPK,51.534979,-0.194232,
bakerloo,Kensal Green Underground Station,940GZZLUKSL,51.530539,-0.225016,
bakerloo,Lambeth North Underground Station,940GZZLULBN,51.498808,-0.112315,
bakerloo,Maida Vale Underground Station,940GZZLUMVL,51.529777,-0.185758,
bakerloo,Marylebone Underground Station,940GZZLUMYB,51.522322,-0.163207,
bakerloo,North Wembley Underground Station,940GZZLUNWY,51.562551,-0.304,
bakerloo,Oxford Circus Underground Station,940GZZLUOXC,51.515224,-0.141903,
bakerloo,Paddington Underground Station,940GZZLUPAC,51.516581,-0.175689,
bakerloo,Piccadilly Circus Underground Station,940GZZLUPCC,51.51005,-0.133798,
bakerloo,Queen's Park Underground Station,940GZZLUQPS,51.534158,-0.204574,
bakerloo,Regent's Park Underground Station,940GZZLURGP,51.523344,-0.146444,
bakerloo,Stonebridge Park Underground Station,940GZZLUSGP,51.543959,-0.275892,
bakerloo,South Kenton Underground Station,940GZZLUSKT,51.570232,-0.308433,
bakerloo,Willesden Junction Underground Station,940GZZLUWJN,51.532259,-0.244283,
bakerloo,Warwick Avenue Underground Station,940GZZLUWKA,51.523263,-0.183783,
bakerloo,Waterloo Underground Station,940GZZLUWLO,51.503299,-0.11478,
bakerloo,Wembley Central Underground Station,940GZZLUWYC,51.552304,-0.296852,
circle,Aldgate Underground Station,940GZZLUALD,51.514246,-0.075689,
circle,Barbican Underground Station,940GZZLUBBN,51.520275,-0.097993,
circle,Blackfriars Underground Station,940GZZLUBKF,51.511581,-0.103659,
circle,Baker Street Underground Station,940GZZLUBST,51.522883,-0.15713,
circle,Bayswater Underground Station,940GZZLUBWT,51.512284,-0.187938,
circle,Cannon Street Underground Station,940GZZLUCST,51.51151,-0.090432,
circle,Embankment Underground Station,940GZZLUEMB,51.507058,-0.122666,
circle,Edgware Road (Circle Line) Underground Station,940GZZLUERC,51.519858,-0.167832,
circle,Euston Square Underground Station,940GZZLUESQ,51.525604,-0.135829,
circle,Farringdon Underground Station,940GZZLUFCN,51.520252,-0.104913,
circle,Goldhawk Road Underground Station,940GZZLUGHK,51.502005,-0.226715,
circle,Great Portland Street Underground Station,940GZZLUGPS,51.52384,-0.144262,
circle,Gloucester Road Underground Station,940GZZLUGTR,51.494316,-0.182658,
circle,Hammersmith (H&C Line) Underground Station,940GZZLUHSC,51.49339,-0.22503,
circle,High Street Kensington Underground Station,940GZZLUHSK,51.501055,-0.192792,
circle,King's Cross St. Pancras Underground Station,940GZZLUKSX,51.530663,-0.123194,
circle,Ladbroke Grove Underground Station,940GZZLULAD,51.517449,-0.210391,
circle,Latimer Road Underground Station,940GZZLULRD,51.513389,-0.217799,
circle,Liverpool Street Underground Station,940GZZLULVT,51.517372,-0.083182,
circle,Moorgate Underground Station,940GZZLUMGT,51.518176,-0.088322,
circle,Monument Underground Station,940GZZLUMMT,51.5107,-0.085969,
circle,Mansion House Underground Station,940GZZLUMSH,51.512117,-0.094009,
circle,Notting Hill Gate Underground Station,940GZZLUNHG,51.509128,-0.196104,
circle,Paddington Underground Station,940GZZLUPAC,51.516581,-0.175689,
circle,Paddington (H&C Line)-Underground,940GZZLUPAH,51.518187,-0.178306,
circle,Royal Oak Underground Station,940GZZLURYO,51.519113,-0.188748,
circle,Shepherd's Bush Market Underground Station,940GZZLUSBM,51.505579,-0.226375,
circle,St. James's Park Underground Station,940GZZLUSJP,51.499544,-0.133608,
circle,South Kensington Underground Station,940GZZLUSKS,51.494094,-0.174138,
circle,Sloane Square Underground Station,940GZZLUSSQ,51.49227,-0.156377,
circle,Temple Underground Station,940GZZLUTMP,51.511006,-0.11426,
circle,Tower Hill Underground Station,940GZZLUTWH,51.509971,-0.076546,
circle,Victoria Underground Station,940GZZLUVIC,51.496359,-0.143102,
circle,Wood Lane Underground Station,940GZZLUWLA,51.509669,-0.22453,
circle,Westminster Underground Station,940GZZLUWSM,51.50132,-0.124861,
circle,Westbourne Park Underground Station,940GZZLUWSP,51.52111,-0.201065,
district,Acton Town Underground Station,940GZZLUACT,51.503057,-0.280462,
district,Aldgate East Underground Station,940GZZLUADE,51.515037,-0.072384,
district,Bromley-by-Bow Underground Station,940GZZLUBBB,51.524839,-0.011538,
district,Becontree Underground Station,940GZZLUBEC,51.540331,0.127016,
district,Blackfriars Underground Station,940GZZLUBKF,51.511581,-0.103659,
district,Barking Underground Station,940GZZLUBKG,51.539321,0.081053,
district,Barons Court Underground Station,940GZZLUBSC,51.490311,-0.213427,
district,Bow Road Underground Station,940GZZLUBWR,51.52694,-0.025128,
district,Bayswater Underground Station,940GZZLUBWT,51.512284,-0.187938,
district,Cannon Street Underground Station,940GZZLUCST,51.51151,-0.090432,
district,Chiswick Park Underground Station,940GZZLUCWP,51.494627,-0.267972,
district,Dagenham East Underground Station,940GZZLUDGE,51.544096,0.166017,
district,Dagenham Heathway Underground Station,940GZZLUDGY,51.541639,0.147527,
district,Ealing Broadway Underground Station,940GZZLUEBY,51.515017,-0.301457,
district,Ealing Common Underground Station,940GZZLUECM,51.51014,-0.288265,
district,Earl's Court Underground Station,940GZZLUECT,51.492063,-0.193378,
district,East Ham Underground Station,940GZZLUEHM,51.538948,0.051186,
district,Embankment Underground Station,940GZZLUEMB,51.507058,-0.122666,
district,Elm Park Underground Station,940GZZLUEPK,51.549775,0.19864,
district,East Putney Underground Station,940GZZLUEPY,51.459205,-0.211,
district,Edgware Road (Circle Line) Underground Station,940GZZLUERC,51.519858,-0.167832,
district,Fulham Broadway Underground Station,940GZZLUFBY,51.480081,-0.195422,
district,Gunnersbury Underground Station,940GZZLUGBY,51.491803,-0.275267,
district,Gloucester Road Underground Station,940GZZLUGTR,51.494316,-0.182658,
district,Hornchurch Underground Station,940GZZLUHCH,51.554093,0.219116,
district,Hammersmith (Dist&Picc Line) Underground Station,940GZZLUHSD,51.4923,-0.22362,
district,High Street Kensington Underground Station,940GZZLUHSK,51.501055,-0.192792,
district,Kensington (Olympia) Underground Station,940GZZLUKOY,51.497624,-0.210015,
district,Kew Gardens Underground Station,940GZZLUKWG,51.477058,-0.285241,
district,Mile End Underground Station,940GZZLUMED,51.525122,-0.03364,
district,Monument Underground Station,940GZZLUMMT,51.5107,-0.085969,
district,Mansion House Underground Station,940GZZLUMSH,51.512117,-0.094009,
district,Notting Hill Gate Underground Station,940GZZLUNHG,51.509128,-0.196104,
district,Paddington Underground Station,940GZZLUPAC,51.516581,-0.175689,
district,Plaistow Underground Station,940GZZLUPLW,51.531341,0.017451,
district,Parsons Green Underground Station,940GZZLUPSG,51.475277,-0.20117,
district,Putney Bridge Underground Station,940GZZLUPYB,51.468262,-0.208731,
district,Richmond Underground Station,940GZZLURMD,51.463237,-0.301336,
district,Ravenscourt Park Underground Station,940GZZLURVP,51.494122,-0.235881,
district,Stamford Brook Underground Station,940GZZLUSFB,51.494917,-0.245704,
district,Southfields Underground Station,940GZZLUSFS,51.445073,-0.206602,
district,Stepney Green Underground Station,940GZZLUSGN,51.521858,-0.046596,
district,St. James's Park Underground Station,940GZZLUSJP,51.499544,-0.133608,
district,South Kensington Underground Station,940GZZLUSKS,51.494094,-0.174138,
district,Sloane Square Underground Station,940GZZLUSSQ,51.49227,-0.156377,
district,Temple Underground Station,940GZZLUTMP,51.511006,-0.11426,
district,Turnham Green Underground Station,940GZZLUTNG,51.495148,-0.254555,
district,Tower Hill Underground Station,940GZZLUTWH,51.509971,-0.076546,
district,Upminster Bridge Underground Station,940GZZLUUPB,51.55856,0.235809,
district,Upton Park Underground Station,940GZZLUUPK,51.53534,0.035263,
district,Upminster Underground Station,940GZZLUUPM,51.559063,0.250882,
district,Upney Underground Station,940GZZLUUPY,51.538372,0.10153,
district,Victoria Underground Station,940GZZLUVIC,51.496359,-0.143102,
district,West Brompton Underground Station,940GZZLUWBN,51.487268,-0.195599,
district,West Ham Underground Station,940GZZLUWHM,51.528136,0.005055,
district,Wimbledon Underground Station,940GZZLUWIM,51.421207,-0.206573,
district,Wimbledon Park Underground Station,940GZZLUWIP,51.434573,-0.199719,
district,West Kensington Underground Station,940GZZLUWKN,51.490459,-0.206636,
district,Whitechapel Underground Station,940GZZLUWPL,51.519518,-0.059971,
district,Westminster Underground Station,940GZZLUWSM,51.50132,-0.124861,
metropolitan,Aldgate Underground Station,940GZZLUALD,51.514246,-0.075689,
metropolitan,Amersham Underground Station,940GZZLUAMS,51.674126,-0.607714,
metropolitan,Barbican Underground Station,940GZZLUBBN,51.520275,-0.097993,
metropolitan,Baker Street Underground Station,940GZZLUBST,51.522883,-0.15713,
metropolitan,Chalfont & Latimer Underground Station,940GZZLUCAL,51.667985,-0.560689,
metropolitan,Chesham Underground Station,940GZZLUCSM,51.705208,-0.611247,
metropolitan,Croxley Underground Station,940GZZLUCXY,51.647044,-0.441718,
metropolitan,Chorleywood Underground Station,940GZZLUCYD,51.654358,-0.518461,
metropolitan,Eastcote Underground Station,940GZZLUEAE,51.576506,-0.397373,
metropolitan,Euston Square Underground Station,940GZZLUESQ,51.525604,-0.135829,
metropolitan,Farringdon Underground Station,940GZZLUFCN,51.520252,-0.104913,
metropolitan,Finchley Road Underground Station,940GZZLUFYR,51.546825,-0.179845,
metropolitan,Great Portland Street Underground Station,940GZZLUGPS,51.52384,-0.144262,
metropolitan,Hillingdon Underground Station,940GZZLUHGD,51.553715,-0.449828,
metropolitan,Harrow-on-the-Hill Underground Station,940GZZLUHOH,51.579195,-0.337225,
metropolitan,Ickenham Underground Station,940GZZLUICK,51.56177,-0.442225,
metropolitan,King's Cross St. Pancras Underground Station,940GZZLUKSX,51.530663,-0.123194,
metropolitan,Liverpool Street Underground Station,940GZZLULVT,51.517372,-0.083182,
metropolitan,Moorgate Underground Station,940GZZLUMGT,51.518176,-0.088322,
metropolitan,Moor Park Underground Station,940GZZLUMPK,51.629845,-0.432454,
metropolitan,North Harrow Underground Station,940GZZLUNHA,51.584872,-0.362408,
metropolitan,Northwick Park Underground Station,940GZZLUNKP,51.578481,-0.318056,
metropolitan,Northwood Underground Station,940GZZLUNOW,51.611053,-0.423829,
metropolitan,Northwood Hills Underground Station,940GZZLUNWH,51.600572,-0.409464,
metropolitan,Pinner Underground Station,940GZZLUPNR,51.592901,-0.381161,
metropolitan,Preston Road Underground Station,940GZZLUPRD,51.571972,-0.295107,
metropolitan,Rickmansworth Underground Station,940GZZLURKW,51.640207,-0.473703,
metropolitan,Ruislip Manor Underground Station,940GZZLURSM,51.573202,-0.412973,
metropolitan,Ruislip Underground Station,940GZZLURSP,51.571354,-0.421898,
metropolitan,Rayners Lane Underground Station,940GZZLURYL,51.575147,-0.371127,
metropolitan,Uxbridge Underground Station,940GZZLUUXB,51.546565,-0.477949,
metropolitan,Watford Underground Station,940GZZLUWAF,51.657446,-0.417377,
metropolitan,West Harrow Underground Station,940GZZLUWHW,51.57971,-0.3534,
metropolitan,Willesden Green Underground Station,940GZZLUWIG,51.549146,-0.221537,
metropolitan,Wembley Park Underground Station,940GZZLUWYP,51.563198,-0.279262,
piccadilly,Acton Town Underground Station,940GZZLUACT,51.503057,-0.280462,
piccadilly,Alperton Underground Station,940GZZLUALP,51.540627,-0.29961,
piccadilly,Arnos Grove Underground Station,940GZZLUASG,51.616446,-0.133062,
piccadilly,Arsenal Underground Station,940GZZLUASL,51.558655,-0.107457,
piccadilly,Bounds Green Underground Station,940GZZLUBDS,51.607034,-0.124235,
piccadilly,Boston Manor Underground Station,940GZZLUBOS,51.495635,-0.324939,
piccadilly,Barons Court Underground Station,940GZZLUBSC,51.490311,-0.213427,
piccadilly,Caledonian Road Underground Station,940GZZLUCAR,51.548519,-0.118493,
piccadilly,Covent Garden Underground Station,940GZZLUCGN,51.513093,-0.124436,
piccadilly,Cockfosters Underground Station,940GZZLUCKS,51.65152,-0.149171,
piccadilly,Eastcote Underground Station,940GZZLUEAE,51.576506,-0.397373,
piccadilly,Ealing Common Underground Station,940GZZLUECM,51.51014,-0.288265,
piccadilly,Earl's Court Underground Station,940GZZLUECT,51.492063,-0.193378,
piccadilly,Finsbury Park Underground Station,940GZZLUFPK,51.564158,-0.106825,
piccadilly,Green Park Underground Station,940GZZLUGPK,51.506947,-0.142787,
piccadilly,Gloucester Road Underground Station,940GZZLUGTR,51.494316,-0.182658,
piccadilly,Holborn Underground Station,940GZZLUHBN,51.51758,-0.120475,
piccadilly,Hillingdon Underground Station,940GZZLUHGD,51.553715,-0.449828,
piccadilly,Hatton Cross Underground Station,940GZZLUHNX,51.466747,-0.423191,
piccadilly,Hyde Park Corner Underground Station,940GZZLUHPC,51.503035,-0.152441,
piccadilly,Heathrow Terminal 4 Underground Station,940GZZLUHR4,51.458524,-0.445771,
piccadilly,Heathrow Terminal 5 Underground Station,940GZZLUHR5,51.470052,-0.49056,
piccadilly,Heathrow Terminals 2 & 3 Underground Station,940GZZLUHRC,51.471235,-0.452265,
piccadilly,Hammersmith (Dist&Picc Line) Underground Station,940GZZLUHSD,51.4923,-0.22362,
piccadilly,Hounslow Central Underground Station,940GZZLUHWC,51.471295,-0.366578,
piccadilly,Hounslow East Underground Station,940GZZLUHWE,51.473213,-0.356474,
piccadilly,Hounslow West Underground Station,940GZZLUHWT,51.473469,-0.386544,
piccadilly,Holloway Road Underground Station,940GZZLUHWY,51.552697,-0.113244,
piccadilly,Ickenham Underground Station,940GZZLUICK,51.56177,-0.442225,
piccadilly,Knightsbridge Underground Station,940GZZLUKNB,51.501669,-0.160508,
piccadilly,King's Cross St. Pancras Underground Station,940GZZLUKSX,51.530663,-0.123194,
piccadilly,Leicester Square Underground Station,940GZZLULSQ,51.511386,-0.128426,
piccadilly,Manor House Underground Station,940GZZLUMRH,51.570738,-0.096118,
piccadilly,North Ealing Underground Station,940GZZLUNEN,51.517505,-0.288868,
piccadilly,Northfields Underground Station,940GZZLUNFD,51.499319,-0.314719,
piccadilly,Oakwood Underground Station,940GZZLUOAK,51.647726,-0.132182,
piccadilly,Osterley Underground Station,940GZZLUOSY,51.481274,-0.352224,
piccadilly,Piccadilly Circus Underground Station,940GZZLUPCC,51.51005,-0.133798,
piccadilly,Park Royal Underground Station,940GZZLUPKR,51.527123,-0.284341,
piccadilly,Ruislip Manor Underground Station,940GZZLURSM,51.573202,-0.412973,
piccadilly,Ruislip Underground Station,940GZZLURSP,51.571354,-0.421898,
piccadilly,Russell Square Underground Station,940GZZLURSQ,51.523073,-0.124285,
piccadilly,Rayners Lane Underground Station,940GZZLURYL,51.575147,-0.371127,
piccadilly,South Ealing Underground Station,940GZZLUSEA,51.501003,-0.307424,
piccadilly,Southgate Underground Station,940GZZLUSGT,51.632315,-0.127816,
piccadilly,South Harrow Underground Station,940GZZLUSHH,51.564888,-0.352492,
piccadilly,South Kensington Underground Station,940GZZLUSKS,51.494094,-0.174138,
piccadilly,Sudbury Hill Underground Station,940GZZLUSUH,51.556946,-0.336435,
piccadilly,Sudbury Town Underground Station,940GZZLUSUT,51.550815,-0.315745,
piccadilly,Turnham Green Underground Station,940GZZLUTNG,51.495148,-0.254555,
piccadilly,Turnpike Lane Underground Station,940GZZLUTPN,51.590272,-0.102953,
piccadilly,Uxbridge Underground Station,940GZZLUUXB,51.546565,-0.477949,
piccadilly,Wood Green Underground Station,940GZZLUWOG,51.597479,-0.109886,
elizabeth,Abbey Wood,910GABWDXR,51.491241,0.121374,
elizabeth,Acton Main Line Rail Station,910GACTONML,51.51718,-0.266756,
elizabeth,Burnham (Berks) Rail Station,910GBNHAM,51.523506,-0.646374,
elizabeth,Bond Street,910GBONDST,51.51369,-0.149517,
elizabeth,Brentwood Rail Station,910GBRTWOOD,51.613605,0.299586,
elizabeth,Canary Wharf,910GCANWHRF,51.506321,-0.018815,
elizabeth,Chadwell Heath Rail Station,910GCHDWLHT,51.568039,0.128958,
elizabeth,Custom House Rail Station,910GCUSTMHS,51.509769,0.02673,
elizabeth,Ealing Broadway Rail Station,910GEALINGB,51.514841,-0.301752,
elizabeth,Farringdon,910GFRNDXR,51.520189,-0.104915,
elizabeth,Forest Gate Rail Station,910GFRSTGT,51.549432,0.024353,
elizabeth,Gidea Park Rail Station,910GGIDEAPK,51.581904,0.205964,
elizabeth,Goodmayes Rail Station,910GGODMAYS,51.565579,0.110807,
elizabeth,Hanwell Rail Station,910GHANWELL,51.511835,-0.338583,
elizabeth,Hayes & Harlington Rail Station,910GHAYESAH,51.503096,-0.420683,
elizabeth,Harold Wood Rail Station,910GHRLDWOD,51.592766,0.233129,
elizabeth,Heathrow Terminals 2 & 3 Rail Station,910GHTRWAPT,51.471987,-0.454788,
elizabeth,Heathrow Terminal 4 Rail Station,910GHTRWTM4,51.458268,-0.445463,
elizabeth,Heathrow Terminal 5 Rail Station,910GHTRWTM5,51.470053,-0.490589,
elizabeth,Ilford Rail Station,910GILFORD,51.559118,0.06968,
elizabeth,Iver Rail Station,910GIVER,51.508503,-0.506726,
elizabeth,Langley (Berks) Rail Station,910GLANGLEY,51.508062,-0.541756,
elizabeth,London Liverpool Street Rail Station,910GLIVST,51.517991,-0.081426,
elizabeth,Liverpool Street,910GLIVSTLL,51.517721,-0.082043,
elizabeth,Manor Park Rail Station,910GMANRPK,51.552477,0.046342,
elizabeth,Maidenhead Rail Station,910GMDNHEAD,51.518669,-0.72266,
elizabeth,Maryland Rail Station,910GMRYLAND,51.546081,0.005815,
elizabeth,Paddington,910GPADTLL,51.516449,-0.177107,
elizabeth,London Paddington Rail Station,910GPADTON,51.515996,-0.176174,
elizabeth,Reading Rail Station,910GRDNGSTN,51.458786,-0.971863,
elizabeth,Romford Rail Station,910GROMFORD,51.574829,0.183237,
elizabeth,Shenfield Rail Station,910GSHENFLD,51.630877,0.329851,
elizabeth,Slough Rail Station,910GSLOUGH,51.51188,-0.59151,
elizabeth,Stratford (London) Rail Station,910GSTFD,51.541895,-0.003397,
elizabeth,Southall Rail Station,910GSTHALL,51.505957,-0.37861,
elizabeth,Seven Kings Rail Station,910GSVNKNGS,51.564026,0.0971,
elizabeth,Taplow Rail Station,910GTAPLOW,51.523562,-0.68137,
elizabeth,Tottenham Court Road,910GTOTCTRD,51.515698,-0.13044,
elizabeth,Twyford Rail Station,910GTWYFORD,51.475534,-0.863293,
elizabeth,Whitechapel,910GWCHAPXR,51.519632,-0.059837,
elizabeth,West Drayton Rail Station,910GWDRYTON,51.510055,-0.472234,
elizabeth,West Ealing Rail Station,910GWEALING,51.513506,-0.320133,
elizabeth,Woolwich,910GWOLWXR,51.492017,0.0705,
